-- MySQL dump 10.13  Distrib 8.0.34, for Win64 (x86_64)
--
-- Host: localhost    Database: worktogether
-- ------------------------------------------------------
-- Server version	8.0.35

/*!40101 SET @OLD_CHARACTER_SET_CLIENT=@@CHARACTER_SET_CLIENT */;
/*!40101 SET @OLD_CHARACTER_SET_RESULTS=@@CHARACTER_SET_RESULTS */;
/*!40101 SET @OLD_COLLATION_CONNECTION=@@COLLATION_CONNECTION */;
/*!50503 SET NAMES utf8 */;
/*!40103 SET @OLD_TIME_ZONE=@@TIME_ZONE */;
/*!40103 SET TIME_ZONE='+00:00' */;
/*!40014 SET @OLD_UNIQUE_CHECKS=@@UNIQUE_CHECKS, UNIQUE_CHECKS=0 */;
/*!40014 SET @OLD_FOREIGN_KEY_CHECKS=@@FOREIGN_KEY_CHECKS, FOREIGN_KEY_CHECKS=0 */;
/*!40101 SET @OLD_SQL_MODE=@@SQL_MODE, SQL_MODE='NO_AUTO_VALUE_ON_ZERO' */;
/*!40111 SET @OLD_SQL_NOTES=@@SQL_NOTES, SQL_NOTES=0 */;

--
-- Table structure for table `bay`
--

DROP TABLE IF EXISTS `bay`;
/*!40101 SET @saved_cs_client     = @@character_set_client */;
/*!50503 SET character_set_client = utf8mb4 */;
CREATE TABLE `bay` (
  `id` int NOT NULL AUTO_INCREMENT,
  `reference` varchar(255) CHARACTER SET utf8mb4 COLLATE utf8mb4_unicode_ci NOT NULL,
  PRIMARY KEY (`id`)
) ENGINE=InnoDB AUTO_INCREMENT=883 DEFAULT CHARSET=utf8mb4 COLLATE=utf8mb4_unicode_ci;
/*!40101 SET character_set_client = @saved_cs_client */;

--
-- Dumping data for table `bay`
--

LOCK TABLES `bay` WRITE;
/*!40000 ALTER TABLE `bay` DISABLE KEYS */;
INSERT INTO `bay` VALUES (872,'B001'),(873,'B002'),(874,'B003'),(875,'B004'),(876,'B005'),(877,'B006'),(878,'B007'),(879,'B008'),(880,'B009'),(881,'B010'),(882,'B031');
/*!40000 ALTER TABLE `bay` ENABLE KEYS */;
UNLOCK TABLES;

--
-- Table structure for table `commanded_unit`
--

DROP TABLE IF EXISTS `commanded_unit`;
/*!40101 SET @saved_cs_client     = @@character_set_client */;
/*!50503 SET character_set_client = utf8mb4 */;
CREATE TABLE `commanded_unit` (
  `id` int NOT NULL AUTO_INCREMENT,
  `orders_id` int NOT NULL,
  `unit_id` int NOT NULL,
  PRIMARY KEY (`id`),
  KEY `IDX_D64B54E5CFFE9AD6` (`orders_id`),
  KEY `IDX_D64B54E5F8BD700D` (`unit_id`),
  CONSTRAINT `FK_D64B54E5CFFE9AD6` FOREIGN KEY (`orders_id`) REFERENCES `order` (`id`),
  CONSTRAINT `FK_D64B54E5F8BD700D` FOREIGN KEY (`unit_id`) REFERENCES `unit` (`id`)
) ENGINE=InnoDB AUTO_INCREMENT=4483 DEFAULT CHARSET=utf8mb4 COLLATE=utf8mb4_unicode_ci;
/*!40101 SET character_set_client = @saved_cs_client */;

--
-- Dumping data for table `commanded_unit`
--

LOCK TABLES `commanded_unit` WRITE;
/*!40000 ALTER TABLE `commanded_unit` DISABLE KEYS */;
INSERT INTO `commanded_unit` VALUES (4461,214,35293),(4462,215,35294),(4463,215,35295),(4464,215,35296),(4465,215,35297),(4466,215,35298),(4467,215,35299),(4468,215,35300),(4469,215,35301),(4470,215,35302),(4471,215,35303),(4472,216,35304),(4473,217,35294),(4474,217,35295),(4475,217,35296),(4476,217,35297),(4477,217,35298),(4478,217,35299),(4479,217,35300),(4480,217,35301),(4481,217,35302),(4482,217,35303);
/*!40000 ALTER TABLE `commanded_unit` ENABLE KEYS */;
UNLOCK TABLES;

--
-- Table structure for table `doctrine_migration_versions`
--

DROP TABLE IF EXISTS `doctrine_migration_versions`;
/*!40101 SET @saved_cs_client     = @@character_set_client */;
/*!50503 SET character_set_client = utf8mb4 */;
CREATE TABLE `doctrine_migration_versions` (
  `version` varchar(191) CHARACTER SET utf8mb3 COLLATE utf8mb3_unicode_ci NOT NULL,
  `executed_at` datetime DEFAULT NULL,
  `execution_time` int DEFAULT NULL,
  PRIMARY KEY (`version`)
) ENGINE=InnoDB DEFAULT CHARSET=utf8mb3 COLLATE=utf8mb3_unicode_ci;
/*!40101 SET character_set_client = @saved_cs_client */;

--
-- Dumping data for table `doctrine_migration_versions`
--

LOCK TABLES `doctrine_migration_versions` WRITE;
/*!40000 ALTER TABLE `doctrine_migration_versions` DISABLE KEYS */;
INSERT INTO `doctrine_migration_versions` VALUES ('DoctrineMigrations\\Version20250320135658','2025-03-27 15:25:12',496),('DoctrineMigrations\\Version20250327141019','2025-03-27 15:25:12',18),('DoctrineMigrations\\Version20250327152311','2025-03-27 15:25:12',30);
/*!40000 ALTER TABLE `doctrine_migration_versions` ENABLE KEYS */;
UNLOCK TABLES;

--
-- Table structure for table `intervention`
--

DROP TABLE IF EXISTS `intervention`;
/*!40101 SET @saved_cs_client     = @@character_set_client */;
/*!50503 SET character_set_client = utf8mb4 */;
CREATE TABLE `intervention` (
  `id` int NOT NULL AUTO_INCREMENT,
  `type_id` int NOT NULL,
  `unit_id` int NOT NULL,
  `title` varchar(255) CHARACTER SET utf8mb4 COLLATE utf8mb4_unicode_ci NOT NULL,
  `description` varchar(255) CHARACTER SET utf8mb4 COLLATE utf8mb4_unicode_ci NOT NULL,
  `date` datetime NOT NULL,
  PRIMARY KEY (`id`),
  KEY `IDX_D11814ABC54C8C93` (`type_id`),
  KEY `IDX_D11814ABF8BD700D` (`unit_id`),
  CONSTRAINT `FK_D11814ABC54C8C93` FOREIGN KEY (`type_id`) REFERENCES `type` (`id`),
  CONSTRAINT `FK_D11814ABF8BD700D` FOREIGN KEY (`unit_id`) REFERENCES `unit` (`id`)
) ENGINE=InnoDB AUTO_INCREMENT=90 DEFAULT CHARSET=utf8mb4 COLLATE=utf8mb4_unicode_ci;
/*!40101 SET character_set_client = @saved_cs_client */;

--
-- Dumping data for table `intervention`
--

LOCK TABLES `intervention` WRITE;
/*!40000 ALTER TABLE `intervention` DISABLE KEYS */;
INSERT INTO `intervention` VALUES (87,71,35293,'Intervention 1','Description de l\'intervention 1','2025-05-21 20:20:22'),(88,71,35293,'Intervention 2','Description de l\'intervention 2','2025-05-21 20:20:22'),(89,71,35305,'Intervention 3','Description de l\'intervention 3','2025-05-21 20:20:22');
/*!40000 ALTER TABLE `intervention` ENABLE KEYS */;
UNLOCK TABLES;

--
-- Table structure for table `order`
--

DROP TABLE IF EXISTS `order`;
/*!40101 SET @saved_cs_client     = @@character_set_client */;
/*!50503 SET character_set_client = utf8mb4 */;
CREATE TABLE `order` (
  `id` int NOT NULL AUTO_INCREMENT,
  `customer_id` int NOT NULL,
  `pack_id` int NOT NULL,
  `start_date` date NOT NULL,
  `end_date` date DEFAULT NULL,
  `is_annual` tinyint(1) NOT NULL,
  `duration` int NOT NULL,
  `price` int NOT NULL,
  PRIMARY KEY (`id`),
  KEY `IDX_F52993989395C3F3` (`customer_id`),
  KEY `IDX_F52993981919B217` (`pack_id`),
  CONSTRAINT `FK_F52993981919B217` FOREIGN KEY (`pack_id`) REFERENCES `pack` (`id`),
  CONSTRAINT `FK_F52993989395C3F3` FOREIGN KEY (`customer_id`) REFERENCES `user` (`id`)
) ENGINE=InnoDB AUTO_INCREMENT=218 DEFAULT CHARSET=utf8mb4 COLLATE=utf8mb4_unicode_ci;
/*!40101 SET character_set_client = @saved_cs_client */;

--
-- Dumping data for table `order`
--

LOCK TABLES `order` WRITE;
/*!40000 ALTER TABLE `order` DISABLE KEYS */;
INSERT INTO `order` VALUES (214,183,159,'2025-01-01','2026-01-01',1,12,96),(215,183,160,'2021-01-01','2022-01-01',1,12,70),(216,183,159,'2025-03-01','2025-04-01',0,1,10),(217,183,160,'2025-03-25','2025-04-25',0,1,100);
/*!40000 ALTER TABLE `order` ENABLE KEYS */;
UNLOCK TABLES;

--
-- Table structure for table `pack`
--

DROP TABLE IF EXISTS `pack`;
/*!40101 SET @saved_cs_client     = @@character_set_client */;
/*!50503 SET character_set_client = utf8mb4 */;
CREATE TABLE `pack` (
  `id` int NOT NULL AUTO_INCREMENT,
  `name` varchar(255) CHARACTER SET utf8mb4 COLLATE utf8mb4_unicode_ci NOT NULL,
  `nbr_units` int NOT NULL,
  `enable` tinyint(1) NOT NULL,
  `annual_reduction_percentage` int NOT NULL,
  `price` decimal(10,2) NOT NULL,
  PRIMARY KEY (`id`)
) ENGINE=InnoDB AUTO_INCREMENT=164 DEFAULT CHARSET=utf8mb4 COLLATE=utf8mb4_unicode_ci;
/*!40101 SET character_set_client = @saved_cs_client */;

--
-- Dumping data for table `pack`
--

LOCK TABLES `pack` WRITE;
/*!40000 ALTER TABLE `pack` DISABLE KEYS */;
INSERT INTO `pack` VALUES (159,'Pack Base',1,1,20,10.00),(160,'Pack Start-up',10,1,30,100.00),(161,'Pack PME',21,1,40,200.00),(162,'Pack Entreprise',42,1,50,400.00),(163,'Pack Entreprise +',84,0,60,800.00);
/*!40000 ALTER TABLE `pack` ENABLE KEYS */;
UNLOCK TABLES;

--
-- Table structure for table `state`
--

DROP TABLE IF EXISTS `state`;
/*!40101 SET @saved_cs_client     = @@character_set_client */;
/*!50503 SET character_set_client = utf8mb4 */;
CREATE TABLE `state` (
  `id` int NOT NULL AUTO_INCREMENT,
  `state` varchar(255) CHARACTER SET utf8mb4 COLLATE utf8mb4_unicode_ci NOT NULL,
  PRIMARY KEY (`id`)
) ENGINE=InnoDB AUTO_INCREMENT=88 DEFAULT CHARSET=utf8mb4 COLLATE=utf8mb4_unicode_ci;
/*!40101 SET character_set_client = @saved_cs_client */;

--
-- Dumping data for table `state`
--

LOCK TABLES `state` WRITE;
/*!40000 ALTER TABLE `state` DISABLE KEYS */;
INSERT INTO `state` VALUES (85,'Allumée'),(86,'Éteinte'),(87,'Indisponible');
/*!40000 ALTER TABLE `state` ENABLE KEYS */;
UNLOCK TABLES;

--
-- Table structure for table `type`
--

DROP TABLE IF EXISTS `type`;
/*!40101 SET @saved_cs_client     = @@character_set_client */;
/*!50503 SET character_set_client = utf8mb4 */;
CREATE TABLE `type` (
  `id` int NOT NULL AUTO_INCREMENT,
  `type` varchar(255) CHARACTER SET utf8mb4 COLLATE utf8mb4_unicode_ci NOT NULL,
  PRIMARY KEY (`id`)
) ENGINE=InnoDB AUTO_INCREMENT=73 DEFAULT CHARSET=utf8mb4 COLLATE=utf8mb4_unicode_ci;
/*!40101 SET character_set_client = @saved_cs_client */;

--
-- Dumping data for table `type`
--

LOCK TABLES `type` WRITE;
/*!40000 ALTER TABLE `type` DISABLE KEYS */;
INSERT INTO `type` VALUES (71,'Maintenance'),(72,'Développement');
/*!40000 ALTER TABLE `type` ENABLE KEYS */;
UNLOCK TABLES;

--
-- Table structure for table `unit`
--

DROP TABLE IF EXISTS `unit`;
/*!40101 SET @saved_cs_client     = @@character_set_client */;
/*!50503 SET character_set_client = utf8mb4 */;
CREATE TABLE `unit` (
  `id` int NOT NULL AUTO_INCREMENT,
  `bay_id` int NOT NULL,
  `usage_id` int NOT NULL,
  `state_id` int DEFAULT NULL,
  `reference` varchar(255) CHARACTER SET utf8mb4 COLLATE utf8mb4_unicode_ci NOT NULL,
  PRIMARY KEY (`id`),
  KEY `IDX_DCBB0C53DF9BA23B` (`bay_id`),
  KEY `IDX_DCBB0C532150E69A` (`usage_id`),
  KEY `IDX_DCBB0C535D83CC1` (`state_id`),
  CONSTRAINT `FK_DCBB0C532150E69A` FOREIGN KEY (`usage_id`) REFERENCES `usage` (`id`),
  CONSTRAINT `FK_DCBB0C535D83CC1` FOREIGN KEY (`state_id`) REFERENCES `state` (`id`),
  CONSTRAINT `FK_DCBB0C53DF9BA23B` FOREIGN KEY (`bay_id`) REFERENCES `bay` (`id`)
) ENGINE=InnoDB AUTO_INCREMENT=35713 DEFAULT CHARSET=utf8mb4 COLLATE=utf8mb4_unicode_ci;
/*!40101 SET character_set_client = @saved_cs_client */;

--
-- Dumping data for table `unit`
--

LOCK TABLES `unit` WRITE;
/*!40000 ALTER TABLE `unit` DISABLE KEYS */;
INSERT INTO `unit` VALUES (35293,872,146,85,'B001U001'),(35294,872,147,86,'B001U002'),(35295,872,148,86,'B001U003'),(35296,872,149,85,'B001U004'),(35297,872,148,86,'B001U005'),(35298,872,146,86,'B001U006'),(35299,872,149,86,'B001U007'),(35300,872,146,85,'B001U008'),(35301,872,147,85,'B001U009'),(35302,872,149,85,'B001U010'),(35303,872,148,86,'B001U011'),(35304,872,147,85,'B001U012'),(35305,872,146,85,'B001U013'),(35306,872,148,85,'B001U014'),(35307,872,146,86,'B001U015'),(35308,872,148,85,'B001U016'),(35309,872,148,85,'B001U017'),(35310,872,146,86,'B001U018'),(35311,872,149,85,'B001U019'),(35312,872,149,86,'B001U020'),(35313,872,146,86,'B001U021'),(35314,872,149,86,'B001U022'),(35315,872,148,85,'B001U023'),(35316,872,146,86,'B001U024'),(35317,872,147,85,'B001U025'),(35318,872,146,86,'B001U026'),(35319,872,148,85,'B001U027'),(35320,872,146,85,'B001U028'),(35321,872,148,85,'B001U029'),(35322,872,147,85,'B001U030'),(35323,872,149,85,'B001U031'),(35324,872,147,85,'B001U032'),(35325,872,147,85,'B001U033'),(35326,872,147,86,'B001U034'),(35327,872,148,86,'B001U035'),(35328,872,147,86,'B001U036'),(35329,872,147,86,'B001U037'),(35330,872,148,85,'B001U038'),(35331,872,148,85,'B001U039'),(35332,872,146,85,'B001U040'),(35333,872,149,85,'B001U041'),(35334,872,147,85,'B001U042'),(35335,873,146,86,'B002U001'),(35336,873,147,86,'B002U002'),(35337,873,147,86,'B002U003'),(35338,873,148,86,'B002U004'),(35339,873,147,86,'B002U005'),(35340,873,148,86,'B002U006'),(35341,873,148,86,'B002U007'),(35342,873,149,86,'B002U008'),(35343,873,149,85,'B002U009'),(35344,873,149,85,'B002U010'),(35345,873,147,85,'B002U011'),(35346,873,147,86,'B002U012'),(35347,873,148,86,'B002U013'),(35348,873,149,85,'B002U014'),(35349,873,149,85,'B002U015'),(35350,873,146,86,'B002U016'),(35351,873,146,85,'B002U017'),(35352,873,147,86,'B002U018'),(35353,873,148,86,'B002U019'),(35354,873,149,85,'B002U020'),(35355,873,149,85,'B002U021'),(35356,873,146,85,'B002U022'),(35357,873,149,85,'B002U023'),(35358,873,146,85,'B002U024'),(35359,873,147,85,'B002U025'),(35360,873,146,86,'B002U026'),(35361,873,149,86,'B002U027'),(35362,873,149,86,'B002U028'),(35363,873,149,85,'B002U029'),(35364,873,148,86,'B002U030'),(35365,873,149,86,'B002U031'),(35366,873,149,86,'B002U032'),(35367,873,146,85,'B002U033'),(35368,873,146,85,'B002U034'),(35369,873,147,86,'B002U035'),(35370,873,146,85,'B002U036'),(35371,873,146,85,'B002U037'),(35372,873,147,86,'B002U038'),(35373,873,146,85,'B002U039'),(35374,873,147,86,'B002U040'),(35375,873,148,85,'B002U041'),(35376,873,146,86,'B002U042'),(35377,874,147,86,'B003U001'),(35378,874,146,85,'B003U002'),(35379,874,146,85,'B003U003'),(35380,874,147,85,'B003U004'),(35381,874,148,85,'B003U005'),(35382,874,146,85,'B003U006'),(35383,874,147,86,'B003U007'),(35384,874,149,86,'B003U008'),(35385,874,147,86,'B003U009'),(35386,874,147,86,'B003U010'),(35387,874,147,85,'B003U011'),(35388,874,147,86,'B003U012'),(35389,874,146,85,'B003U013'),(35390,874,147,86,'B003U014'),(35391,874,149,86,'B003U015'),(35392,874,148,85,'B003U016'),(35393,874,149,85,'B003U017'),(35394,874,146,86,'B003U018'),(35395,874,146,86,'B003U019'),(35396,874,147,86,'B003U020'),(35397,874,146,86,'B003U021'),(35398,874,148,86,'B003U022'),(35399,874,146,86,'B003U023'),(35400,874,149,86,'B003U024'),(35401,874,148,85,'B003U025'),(35402,874,149,85,'B003U026'),(35403,874,148,86,'B003U027'),(35404,874,146,86,'B003U028'),(35405,874,147,86,'B003U029'),(35406,874,149,85,'B003U030'),(35407,874,149,85,'B003U031'),(35408,874,147,85,'B003U032'),(35409,874,147,86,'B003U033'),(35410,874,146,86,'B003U034'),(35411,874,148,85,'B003U035'),(35412,874,146,85,'B003U036'),(35413,874,146,85,'B003U037'),(35414,874,146,85,'B003U038'),(35415,874,146,85,'B003U039'),(35416,874,146,86,'B003U040'),(35417,874,146,86,'B003U041'),(35418,874,148,86,'B003U042'),(35419,875,148,86,'B004U001'),(35420,875,148,85,'B004U002'),(35421,875,147,85,'B004U003'),(35422,875,146,85,'B004U004'),(35423,875,149,85,'B004U005'),(35424,875,148,86,'B004U006'),(35425,875,147,85,'B004U007'),(35426,875,147,86,'B004U008'),(35427,875,147,86,'B004U009'),(35428,875,146,86,'B004U010'),(35429,875,149,85,'B004U011'),(35430,875,147,86,'B004U012'),(35431,875,146,85,'B004U013'),(35432,875,146,85,'B004U014'),(35433,875,146,86,'B004U015'),(35434,875,149,85,'B004U016'),(35435,875,146,85,'B004U017'),(35436,875,147,85,'B004U018'),(35437,875,148,85,'B004U019'),(35438,875,146,86,'B004U020'),(35439,875,147,85,'B004U021'),(35440,875,146,86,'B004U022'),(35441,875,146,85,'B004U023'),(35442,875,147,86,'B004U024'),(35443,875,149,85,'B004U025'),(35444,875,146,85,'B004U026'),(35445,875,146,86,'B004U027'),(35446,875,148,85,'B004U028'),(35447,875,148,86,'B004U029'),(35448,875,149,86,'B004U030'),(35449,875,147,86,'B004U031'),(35450,875,149,85,'B004U032'),(35451,875,149,85,'B004U033'),(35452,875,147,85,'B004U034'),(35453,875,146,85,'B004U035'),(35454,875,146,86,'B004U036'),(35455,875,146,85,'B004U037'),(35456,875,149,86,'B004U038'),(35457,875,146,85,'B004U039'),(35458,875,148,85,'B004U040'),(35459,875,147,86,'B004U041'),(35460,875,147,85,'B004U042'),(35461,876,147,86,'B005U001'),(35462,876,147,85,'B005U002'),(35463,876,149,86,'B005U003'),(35464,876,147,86,'B005U004'),(35465,876,147,86,'B005U005'),(35466,876,146,86,'B005U006'),(35467,876,147,86,'B005U007'),(35468,876,147,85,'B005U008'),(35469,876,146,85,'B005U009'),(35470,876,149,85,'B005U010'),(35471,876,148,85,'B005U011'),(35472,876,149,85,'B005U012'),(35473,876,149,86,'B005U013'),(35474,876,148,86,'B005U014'),(35475,876,146,85,'B005U015'),(35476,876,146,85,'B005U016'),(35477,876,146,86,'B005U017'),(35478,876,146,85,'B005U018'),(35479,876,146,86,'B005U019'),(35480,876,148,86,'B005U020'),(35481,876,147,86,'B005U021'),(35482,876,146,86,'B005U022'),(35483,876,147,85,'B005U023'),(35484,876,146,85,'B005U024'),(35485,876,148,85,'B005U025'),(35486,876,148,85,'B005U026'),(35487,876,147,86,'B005U027'),(35488,876,146,85,'B005U028'),(35489,876,146,86,'B005U029'),(35490,876,147,85,'B005U030'),(35491,876,146,86,'B005U031'),(35492,876,148,85,'B005U032'),(35493,876,148,86,'B005U033'),(35494,876,146,86,'B005U034'),(35495,876,149,86,'B005U035'),(35496,876,148,86,'B005U036'),(35497,876,149,86,'B005U037'),(35498,876,149,86,'B005U038'),(35499,876,146,85,'B005U039'),(35500,876,148,86,'B005U040'),(35501,876,148,85,'B005U041'),(35502,876,149,85,'B005U042'),(35503,877,147,86,'B006U001'),(35504,877,146,86,'B006U002'),(35505,877,148,86,'B006U003'),(35506,877,146,86,'B006U004'),(35507,877,147,86,'B006U005'),(35508,877,148,85,'B006U006'),(35509,877,146,86,'B006U007'),(35510,877,148,86,'B006U008'),(35511,877,146,85,'B006U009'),(35512,877,147,86,'B006U010'),(35513,877,147,86,'B006U011'),(35514,877,149,85,'B006U012'),(35515,877,146,86,'B006U013'),(35516,877,149,85,'B006U014'),(35517,877,146,86,'B006U015'),(35518,877,148,85,'B006U016'),(35519,877,146,85,'B006U017'),(35520,877,149,85,'B006U018'),(35521,877,148,85,'B006U019'),(35522,877,148,85,'B006U020'),(35523,877,146,86,'B006U021'),(35524,877,149,85,'B006U022'),(35525,877,149,85,'B006U023'),(35526,877,147,86,'B006U024'),(35527,877,148,85,'B006U025'),(35528,877,147,85,'B006U026'),(35529,877,147,86,'B006U027'),(35530,877,149,86,'B006U028'),(35531,877,146,86,'B006U029'),(35532,877,147,85,'B006U030'),(35533,877,146,86,'B006U031'),(35534,877,148,86,'B006U032'),(35535,877,149,86,'B006U033'),(35536,877,149,86,'B006U034'),(35537,877,148,86,'B006U035'),(35538,877,146,86,'B006U036'),(35539,877,148,86,'B006U037'),(35540,877,148,85,'B006U038'),(35541,877,146,86,'B006U039'),(35542,877,146,86,'B006U040'),(35543,877,146,85,'B006U041'),(35544,877,147,85,'B006U042'),(35545,878,146,86,'B007U001'),(35546,878,149,86,'B007U002'),(35547,878,148,85,'B007U003'),(35548,878,148,85,'B007U004'),(35549,878,149,85,'B007U005'),(35550,878,146,86,'B007U006'),(35551,878,146,85,'B007U007'),(35552,878,147,86,'B007U008'),(35553,878,149,85,'B007U009'),(35554,878,148,85,'B007U010'),(35555,878,148,85,'B007U011'),(35556,878,147,85,'B007U012'),(35557,878,147,86,'B007U013'),(35558,878,147,85,'B007U014'),(35559,878,147,86,'B007U015'),(35560,878,149,85,'B007U016'),(35561,878,147,86,'B007U017'),(35562,878,147,85,'B007U018'),(35563,878,148,86,'B007U019'),(35564,878,149,85,'B007U020'),(35565,878,149,85,'B007U021'),(35566,878,148,85,'B007U022'),(35567,878,149,85,'B007U023'),(35568,878,147,86,'B007U024'),(35569,878,148,85,'B007U025'),(35570,878,146,85,'B007U026'),(35571,878,147,86,'B007U027'),(35572,878,149,85,'B007U028'),(35573,878,148,86,'B007U029'),(35574,878,147,85,'B007U030'),(35575,878,146,86,'B007U031'),(35576,878,147,86,'B007U032'),(35577,878,148,86,'B007U033'),(35578,878,148,86,'B007U034'),(35579,878,148,85,'B007U035'),(35580,878,147,86,'B007U036'),(35581,878,148,85,'B007U037'),(35582,878,146,85,'B007U038'),(35583,878,146,86,'B007U039'),(35584,878,147,85,'B007U040'),(35585,878,148,85,'B007U041'),(35586,878,149,85,'B007U042'),(35587,879,147,85,'B008U001'),(35588,879,147,86,'B008U002'),(35589,879,149,85,'B008U003'),(35590,879,147,86,'B008U004'),(35591,879,149,85,'B008U005'),(35592,879,146,86,'B008U006'),(35593,879,148,85,'B008U007'),(35594,879,147,86,'B008U008'),(35595,879,148,86,'B008U009'),(35596,879,148,85,'B008U010'),(35597,879,147,86,'B008U011'),(35598,879,146,86,'B008U012'),(35599,879,149,86,'B008U013'),(35600,879,149,86,'B008U014'),(35601,879,149,86,'B008U015'),(35602,879,147,85,'B008U016'),(35603,879,147,85,'B008U017'),(35604,879,148,86,'B008U018'),(35605,879,149,85,'B008U019'),(35606,879,148,86,'B008U020'),(35607,879,148,86,'B008U021'),(35608,879,148,85,'B008U022'),(35609,879,146,85,'B008U023'),(35610,879,146,86,'B008U024'),(35611,879,148,86,'B008U025'),(35612,879,147,85,'B008U026'),(35613,879,147,86,'B008U027'),(35614,879,147,85,'B008U028'),(35615,879,147,85,'B008U029'),(35616,879,146,85,'B008U030'),(35617,879,148,86,'B008U031'),(35618,879,147,85,'B008U032'),(35619,879,147,86,'B008U033'),(35620,879,146,86,'B008U034'),(35621,879,149,86,'B008U035'),(35622,879,147,86,'B008U036'),(35623,879,148,85,'B008U037'),(35624,879,149,86,'B008U038'),(35625,879,147,85,'B008U039'),(35626,879,146,85,'B008U040'),(35627,879,147,86,'B008U041'),(35628,879,148,86,'B008U042'),(35629,880,149,85,'B009U001'),(35630,880,147,85,'B009U002'),(35631,880,148,86,'B009U003'),(35632,880,147,85,'B009U004'),(35633,880,147,85,'B009U005'),(35634,880,147,86,'B009U006'),(35635,880,147,85,'B009U007'),(35636,880,146,85,'B009U008'),(35637,880,148,86,'B009U009'),(35638,880,148,86,'B009U010'),(35639,880,149,85,'B009U011'),(35640,880,147,85,'B009U012'),(35641,880,149,86,'B009U013'),(35642,880,148,85,'B009U014'),(35643,880,146,86,'B009U015'),(35644,880,149,86,'B009U016'),(35645,880,149,86,'B009U017'),(35646,880,146,86,'B009U018'),(35647,880,146,86,'B009U019'),(35648,880,146,85,'B009U020'),(35649,880,146,86,'B009U021'),(35650,880,149,85,'B009U022'),(35651,880,147,85,'B009U023'),(35652,880,147,85,'B009U024'),(35653,880,149,85,'B009U025'),(35654,880,148,85,'B009U026'),(35655,880,148,86,'B009U027'),(35656,880,148,86,'B009U028'),(35657,880,148,86,'B009U029'),(35658,880,146,86,'B009U030'),(35659,880,146,86,'B009U031'),(35660,880,148,86,'B009U032'),(35661,880,147,85,'B009U033'),(35662,880,149,86,'B009U034'),(35663,880,147,86,'B009U035'),(35664,880,147,86,'B009U036'),(35665,880,149,86,'B009U037'),(35666,880,149,85,'B009U038'),(35667,880,147,86,'B009U039'),(35668,880,146,86,'B009U040'),(35669,880,147,86,'B009U041'),(35670,880,146,86,'B009U042'),(35671,881,148,86,'B010U001'),(35672,881,147,86,'B010U002'),(35673,881,148,86,'B010U003'),(35674,881,146,86,'B010U004'),(35675,881,149,86,'B010U005'),(35676,881,147,85,'B010U006'),(35677,881,146,85,'B010U007'),(35678,881,148,85,'B010U008'),(35679,881,149,85,'B010U009'),(35680,881,149,86,'B010U010'),(35681,881,149,86,'B010U011'),(35682,881,148,86,'B010U012'),(35683,881,146,86,'B010U013'),(35684,881,147,86,'B010U014'),(35685,881,147,86,'B010U015'),(35686,881,148,86,'B010U016'),(35687,881,146,86,'B010U017'),(35688,881,147,86,'B010U018'),(35689,881,147,85,'B010U019'),(35690,881,146,85,'B010U020'),(35691,881,146,85,'B010U021'),(35692,881,146,86,'B010U022'),(35693,881,149,86,'B010U023'),(35694,881,146,86,'B010U024'),(35695,881,147,85,'B010U025'),(35696,881,148,86,'B010U026'),(35697,881,148,85,'B010U027'),(35698,881,146,86,'B010U028'),(35699,881,148,86,'B010U029'),(35700,881,146,86,'B010U030'),(35701,881,146,85,'B010U031'),(35702,881,147,85,'B010U032'),(35703,881,146,86,'B010U033'),(35704,881,147,86,'B010U034'),(35705,881,146,86,'B010U035'),(35706,881,146,85,'B010U036'),(35707,881,147,86,'B010U037'),(35708,881,146,85,'B010U038'),(35709,881,149,85,'B010U039'),(35710,881,146,85,'B010U040'),(35711,881,146,86,'B010U041'),(35712,881,147,86,'B010U042');
/*!40000 ALTER TABLE `unit` ENABLE KEYS */;
UNLOCK TABLES;

--
-- Table structure for table `usage`
--

DROP TABLE IF EXISTS `usage`;
/*!40101 SET @saved_cs_client     = @@character_set_client */;
/*!50503 SET character_set_client = utf8mb4 */;
CREATE TABLE `usage` (
  `id` int NOT NULL AUTO_INCREMENT,
  `type` varchar(255) CHARACTER SET utf8mb4 COLLATE utf8mb4_unicode_ci NOT NULL,
  `color` varchar(255) CHARACTER SET utf8mb4 COLLATE utf8mb4_unicode_ci NOT NULL,
  PRIMARY KEY (`id`)
) ENGINE=InnoDB AUTO_INCREMENT=151 DEFAULT CHARSET=utf8mb4 COLLATE=utf8mb4_unicode_ci;
/*!40101 SET character_set_client = @saved_cs_client */;

--
-- Dumping data for table `usage`
--

LOCK TABLES `usage` WRITE;
/*!40000 ALTER TABLE `usage` DISABLE KEYS */;
INSERT INTO `usage` VALUES (146,'Site Web','#007bff'),(147,'Application Mobile','#28a745'),(148,'Application Bureau','#ffc107'),(149,'Inactive','#6c757d'),(150,'Indisponible','#000000');
/*!40000 ALTER TABLE `usage` ENABLE KEYS */;
UNLOCK TABLES;

--
-- Table structure for table `user`
--

DROP TABLE IF EXISTS `user`;
/*!40101 SET @saved_cs_client     = @@character_set_client */;
/*!50503 SET character_set_client = utf8mb4 */;
CREATE TABLE `user` (
  `id` int NOT NULL AUTO_INCREMENT,
  `email` varchar(255) CHARACTER SET utf8mb4 COLLATE utf8mb4_unicode_ci NOT NULL,
  `password` varchar(255) CHARACTER SET utf8mb4 COLLATE utf8mb4_unicode_ci DEFAULT NULL,
  `role` int NOT NULL,
  `discr` varchar(255) CHARACTER SET utf8mb4 COLLATE utf8mb4_unicode_ci NOT NULL,
  `firstname` varchar(255) CHARACTER SET utf8mb4 COLLATE utf8mb4_unicode_ci DEFAULT NULL,
  `lastname` varchar(255) CHARACTER SET utf8mb4 COLLATE utf8mb4_unicode_ci DEFAULT NULL,
  PRIMARY KEY (`id`)
) ENGINE=InnoDB AUTO_INCREMENT=188 DEFAULT CHARSET=utf8mb4 COLLATE=utf8mb4_unicode_ci;
/*!40101 SET character_set_client = @saved_cs_client */;

--
-- Dumping data for table `user`
--

LOCK TABLES `user` WRITE;
/*!40000 ALTER TABLE `user` DISABLE KEYS */;
INSERT INTO `user` VALUES (182,'noemye@noemye.com','$2y$13$qwX3N3XB.9Z/VPuA/wqGkOzkM90yGmyOTb.XWcBSdJQUaixP1osZK',1,'customer','Noemye','Kiso'),(183,'antonin@antonin.com','$2y$13$qwX3N3XB.9Z/VPuA/wqGkOzkM90yGmyOTb.XWcBSdJQUaixP1osZK',1,'customer','Antonin','Oracle'),(184,'remig@remig.com','$2y$13$qwX3N3XB.9Z/VPuA/wqGkOzkM90yGmyOTb.XWcBSdJQUaixP1osZK',4,'customer','Remi','Guerin'),(185,'admin@admin.com','$2y$13$qwX3N3XB.9Z/VPuA/wqGkOzkM90yGmyOTb.XWcBSdJQUaixP1osZK',4,'customer','Admin','Admin'),(186,'tech@tech.com','$2y$13$qwX3N3XB.9Z/VPuA/wqGkOzkM90yGmyOTb.XWcBSdJQUaixP1osZK',3,'customer','Tech','Tech'),(187,'compta@compta.com','$2y$13$qwX3N3XB.9Z/VPuA/wqGkOzkM90yGmyOTb.XWcBSdJQUaixP1osZK',2,'customer','Compta','Compta');
/*!40000 ALTER TABLE `user` ENABLE KEYS */;
UNLOCK TABLES;
/*!40103 SET TIME_ZONE=@OLD_TIME_ZONE */;

/*!40101 SET SQL_MODE=@OLD_SQL_MODE */;
/*!40014 SET FOREIGN_KEY_CHECKS=@OLD_FOREIGN_KEY_CHECKS */;
/*!40014 SET UNIQUE_CHECKS=@OLD_UNIQUE_CHECKS */;
/*!40101 SET CHARACTER_SET_CLIENT=@OLD_CHARACTER_SET_CLIENT */;
/*!40101 SET CHARACTER_SET_RESULTS=@OLD_CHARACTER_SET_RESULTS */;
/*!40101 SET COLLATION_CONNECTION=@OLD_COLLATION_CONNECTION */;
/*!40111 SET SQL_NOTES=@OLD_SQL_NOTES */;

-- Dump completed on 2025-05-21 22:21:07
