-- MySQL dump 10.13  Distrib 8.0.34, for Win64 (x86_64)
--
-- Host: localhost    Database: worktogether
-- ------------------------------------------------------
-- Server version	8.0.35

/*!40101 SET @OLD_CHARACTER_SET_CLIENT=@@CHARACTER_SET_CLIENT */;
/*!40101 SET @OLD_CHARACTER_SET_RESULTS=@@CHARACTER_SET_RESULTS */;
/*!40101 SET @OLD_COLLATION_CONNECTION=@@COLLATION_CONNECTION */;
/*!50503 SET NAMES utf8 */;
/*!40103 SET @OLD_TIME_ZONE=@@TIME_ZONE */;
/*!40103 SET TIME_ZONE='+00:00' */;
/*!40014 SET @OLD_UNIQUE_CHECKS=@@UNIQUE_CHECKS, UNIQUE_CHECKS=0 */;
/*!40014 SET @OLD_FOREIGN_KEY_CHECKS=@@FOREIGN_KEY_CHECKS, FOREIGN_KEY_CHECKS=0 */;
/*!40101 SET @OLD_SQL_MODE=@@SQL_MODE, SQL_MODE='NO_AUTO_VALUE_ON_ZERO' */;
/*!40111 SET @OLD_SQL_NOTES=@@SQL_NOTES, SQL_NOTES=0 */;

--
-- Table structure for table `bay`
--

DROP TABLE IF EXISTS `bay`;
/*!40101 SET @saved_cs_client     = @@character_set_client */;
/*!50503 SET character_set_client = utf8mb4 */;
CREATE TABLE `bay` (
  `id` int NOT NULL AUTO_INCREMENT,
  `reference` varchar(255) CHARACTER SET utf8mb4 COLLATE utf8mb4_unicode_ci NOT NULL,
  PRIMARY KEY (`id`)
) ENGINE=InnoDB AUTO_INCREMENT=681 DEFAULT CHARSET=utf8mb4 COLLATE=utf8mb4_unicode_ci;
/*!40101 SET character_set_client = @saved_cs_client */;

--
-- Dumping data for table `bay`
--

LOCK TABLES `bay` WRITE;
/*!40000 ALTER TABLE `bay` DISABLE KEYS */;
INSERT INTO `bay` VALUES (650,'B001'),(651,'B002'),(652,'B003'),(653,'B004'),(654,'B005'),(655,'B006'),(656,'B007'),(657,'B008'),(658,'B009'),(659,'B010'),(660,'B011'),(661,'B012'),(662,'B013'),(663,'B014'),(664,'B015'),(665,'B016'),(666,'B017'),(667,'B018'),(668,'B019'),(669,'B020'),(670,'B021'),(671,'B022'),(672,'B023'),(673,'B024'),(674,'B025'),(675,'B026'),(676,'B027'),(677,'B028'),(678,'B029'),(679,'B030'),(680,'B031');
/*!40000 ALTER TABLE `bay` ENABLE KEYS */;
UNLOCK TABLES;

--
-- Table structure for table `commanded_unit`
--

DROP TABLE IF EXISTS `commanded_unit`;
/*!40101 SET @saved_cs_client     = @@character_set_client */;
/*!50503 SET character_set_client = utf8mb4 */;
CREATE TABLE `commanded_unit` (
  `id` int NOT NULL AUTO_INCREMENT,
  `orders_id` int NOT NULL,
  `unit_id` int NOT NULL,
  PRIMARY KEY (`id`),
  KEY `IDX_D64B54E5CFFE9AD6` (`orders_id`),
  KEY `IDX_D64B54E5F8BD700D` (`unit_id`),
  CONSTRAINT `FK_D64B54E5CFFE9AD6` FOREIGN KEY (`orders_id`) REFERENCES `order` (`id`),
  CONSTRAINT `FK_D64B54E5F8BD700D` FOREIGN KEY (`unit_id`) REFERENCES `unit` (`id`)
) ENGINE=InnoDB AUTO_INCREMENT=485 DEFAULT CHARSET=utf8mb4 COLLATE=utf8mb4_unicode_ci;
/*!40101 SET character_set_client = @saved_cs_client */;

--
-- Dumping data for table `commanded_unit`
--

LOCK TABLES `commanded_unit` WRITE;
/*!40000 ALTER TABLE `commanded_unit` DISABLE KEYS */;
INSERT INTO `commanded_unit` VALUES (463,85,26468),(464,86,26469),(465,86,26470),(466,86,26471),(467,86,26472),(468,86,26473),(469,86,26474),(470,86,26475),(471,86,26476),(472,86,26477),(473,86,26478),(474,87,26479),(475,88,26469),(476,88,26470),(477,88,26471),(478,88,26472),(479,88,26473),(480,88,26474),(481,88,26475),(482,88,26476),(483,88,26477),(484,88,26478);
/*!40000 ALTER TABLE `commanded_unit` ENABLE KEYS */;
UNLOCK TABLES;

--
-- Table structure for table `doctrine_migration_versions`
--

DROP TABLE IF EXISTS `doctrine_migration_versions`;
/*!40101 SET @saved_cs_client     = @@character_set_client */;
/*!50503 SET character_set_client = utf8mb4 */;
CREATE TABLE `doctrine_migration_versions` (
  `version` varchar(191) CHARACTER SET utf8mb3 COLLATE utf8mb3_unicode_ci NOT NULL,
  `executed_at` datetime DEFAULT NULL,
  `execution_time` int DEFAULT NULL,
  PRIMARY KEY (`version`)
) ENGINE=InnoDB DEFAULT CHARSET=utf8mb3 COLLATE=utf8mb3_unicode_ci;
/*!40101 SET character_set_client = @saved_cs_client */;

--
-- Dumping data for table `doctrine_migration_versions`
--

LOCK TABLES `doctrine_migration_versions` WRITE;
/*!40000 ALTER TABLE `doctrine_migration_versions` DISABLE KEYS */;
INSERT INTO `doctrine_migration_versions` VALUES ('DoctrineMigrations\\Version20250320135658','2025-03-27 15:25:12',496),('DoctrineMigrations\\Version20250327141019','2025-03-27 15:25:12',18),('DoctrineMigrations\\Version20250327152311','2025-03-27 15:25:12',30);
/*!40000 ALTER TABLE `doctrine_migration_versions` ENABLE KEYS */;
UNLOCK TABLES;

--
-- Table structure for table `intervention`
--

DROP TABLE IF EXISTS `intervention`;
/*!40101 SET @saved_cs_client     = @@character_set_client */;
/*!50503 SET character_set_client = utf8mb4 */;
CREATE TABLE `intervention` (
  `id` int NOT NULL AUTO_INCREMENT,
  `type_id` int NOT NULL,
  `unit_id` int NOT NULL,
  `title` varchar(255) CHARACTER SET utf8mb4 COLLATE utf8mb4_unicode_ci NOT NULL,
  `description` varchar(255) CHARACTER SET utf8mb4 COLLATE utf8mb4_unicode_ci NOT NULL,
  `date` datetime NOT NULL,
  PRIMARY KEY (`id`),
  KEY `IDX_D11814ABC54C8C93` (`type_id`),
  KEY `IDX_D11814ABF8BD700D` (`unit_id`),
  CONSTRAINT `FK_D11814ABC54C8C93` FOREIGN KEY (`type_id`) REFERENCES `type` (`id`),
  CONSTRAINT `FK_D11814ABF8BD700D` FOREIGN KEY (`unit_id`) REFERENCES `unit` (`id`)
) ENGINE=InnoDB AUTO_INCREMENT=62 DEFAULT CHARSET=utf8mb4 COLLATE=utf8mb4_unicode_ci;
/*!40101 SET character_set_client = @saved_cs_client */;

--
-- Dumping data for table `intervention`
--

LOCK TABLES `intervention` WRITE;
/*!40000 ALTER TABLE `intervention` DISABLE KEYS */;
INSERT INTO `intervention` VALUES (59,51,26468,'Intervention 1','Description de l\'intervention 1','2025-04-07 19:03:24'),(60,51,26468,'Intervention 2','Description de l\'intervention 2','2025-04-07 19:03:24'),(61,51,26480,'Intervention 3','Description de l\'intervention 3','2025-04-07 19:03:24');
/*!40000 ALTER TABLE `intervention` ENABLE KEYS */;
UNLOCK TABLES;

--
-- Table structure for table `order`
--

DROP TABLE IF EXISTS `order`;
/*!40101 SET @saved_cs_client     = @@character_set_client */;
/*!50503 SET character_set_client = utf8mb4 */;
CREATE TABLE `order` (
  `id` int NOT NULL AUTO_INCREMENT,
  `customer_id` int NOT NULL,
  `pack_id` int NOT NULL,
  `start_date` date NOT NULL,
  `end_date` date DEFAULT NULL,
  `is_annual` tinyint(1) NOT NULL,
  `duration` int NOT NULL,
  `price` int NOT NULL,
  PRIMARY KEY (`id`),
  KEY `IDX_F52993989395C3F3` (`customer_id`),
  KEY `IDX_F52993981919B217` (`pack_id`),
  CONSTRAINT `FK_F52993981919B217` FOREIGN KEY (`pack_id`) REFERENCES `pack` (`id`),
  CONSTRAINT `FK_F52993989395C3F3` FOREIGN KEY (`customer_id`) REFERENCES `user` (`id`)
) ENGINE=InnoDB AUTO_INCREMENT=89 DEFAULT CHARSET=utf8mb4 COLLATE=utf8mb4_unicode_ci;
/*!40101 SET character_set_client = @saved_cs_client */;

--
-- Dumping data for table `order`
--

LOCK TABLES `order` WRITE;
/*!40000 ALTER TABLE `order` DISABLE KEYS */;
INSERT INTO `order` VALUES (85,125,113,'2025-01-01','2026-01-01',1,12,96),(86,125,114,'2021-01-01','2022-01-01',1,12,70),(87,125,113,'2025-03-01','2025-04-01',0,1,10),(88,125,114,'2025-03-25','2025-04-25',0,1,100);
/*!40000 ALTER TABLE `order` ENABLE KEYS */;
UNLOCK TABLES;

--
-- Table structure for table `pack`
--

DROP TABLE IF EXISTS `pack`;
/*!40101 SET @saved_cs_client     = @@character_set_client */;
/*!50503 SET character_set_client = utf8mb4 */;
CREATE TABLE `pack` (
  `id` int NOT NULL AUTO_INCREMENT,
  `name` varchar(255) CHARACTER SET utf8mb4 COLLATE utf8mb4_unicode_ci NOT NULL,
  `nbr_units` int NOT NULL,
  `enable` tinyint(1) NOT NULL,
  `annual_reduction_percentage` int NOT NULL,
  `price` decimal(10,2) NOT NULL,
  PRIMARY KEY (`id`)
) ENGINE=InnoDB AUTO_INCREMENT=118 DEFAULT CHARSET=utf8mb4 COLLATE=utf8mb4_unicode_ci;
/*!40101 SET character_set_client = @saved_cs_client */;

--
-- Dumping data for table `pack`
--

LOCK TABLES `pack` WRITE;
/*!40000 ALTER TABLE `pack` DISABLE KEYS */;
INSERT INTO `pack` VALUES (113,'Pack Base',1,1,20,10.00),(114,'Pack Start-up',10,1,30,100.00),(115,'Pack PME',21,1,40,200.00),(116,'Pack Entreprise',42,1,50,400.00),(117,'Pack Entreprise +',84,0,60,800.00);
/*!40000 ALTER TABLE `pack` ENABLE KEYS */;
UNLOCK TABLES;

--
-- Table structure for table `state`
--

DROP TABLE IF EXISTS `state`;
/*!40101 SET @saved_cs_client     = @@character_set_client */;
/*!50503 SET character_set_client = utf8mb4 */;
CREATE TABLE `state` (
  `id` int NOT NULL AUTO_INCREMENT,
  `state` varchar(255) CHARACTER SET utf8mb4 COLLATE utf8mb4_unicode_ci NOT NULL,
  PRIMARY KEY (`id`)
) ENGINE=InnoDB AUTO_INCREMENT=59 DEFAULT CHARSET=utf8mb4 COLLATE=utf8mb4_unicode_ci;
/*!40101 SET character_set_client = @saved_cs_client */;

--
-- Dumping data for table `state`
--

LOCK TABLES `state` WRITE;
/*!40000 ALTER TABLE `state` DISABLE KEYS */;
INSERT INTO `state` VALUES (56,'Allumée'),(57,'Éteinte'),(58,'Indisponible');
/*!40000 ALTER TABLE `state` ENABLE KEYS */;
UNLOCK TABLES;

--
-- Table structure for table `type`
--

DROP TABLE IF EXISTS `type`;
/*!40101 SET @saved_cs_client     = @@character_set_client */;
/*!50503 SET character_set_client = utf8mb4 */;
CREATE TABLE `type` (
  `id` int NOT NULL AUTO_INCREMENT,
  `type` varchar(255) CHARACTER SET utf8mb4 COLLATE utf8mb4_unicode_ci NOT NULL,
  PRIMARY KEY (`id`)
) ENGINE=InnoDB AUTO_INCREMENT=53 DEFAULT CHARSET=utf8mb4 COLLATE=utf8mb4_unicode_ci;
/*!40101 SET character_set_client = @saved_cs_client */;

--
-- Dumping data for table `type`
--

LOCK TABLES `type` WRITE;
/*!40000 ALTER TABLE `type` DISABLE KEYS */;
INSERT INTO `type` VALUES (51,'Maintenance'),(52,'Développement');
/*!40000 ALTER TABLE `type` ENABLE KEYS */;
UNLOCK TABLES;

--
-- Table structure for table `unit`
--

DROP TABLE IF EXISTS `unit`;
/*!40101 SET @saved_cs_client     = @@character_set_client */;
/*!50503 SET character_set_client = utf8mb4 */;
CREATE TABLE `unit` (
  `id` int NOT NULL AUTO_INCREMENT,
  `bay_id` int NOT NULL,
  `usage_id` int NOT NULL,
  `state_id` int DEFAULT NULL,
  `reference` varchar(255) CHARACTER SET utf8mb4 COLLATE utf8mb4_unicode_ci NOT NULL,
  PRIMARY KEY (`id`),
  KEY `IDX_DCBB0C53DF9BA23B` (`bay_id`),
  KEY `IDX_DCBB0C532150E69A` (`usage_id`),
  KEY `IDX_DCBB0C535D83CC1` (`state_id`),
  CONSTRAINT `FK_DCBB0C532150E69A` FOREIGN KEY (`usage_id`) REFERENCES `usage` (`id`),
  CONSTRAINT `FK_DCBB0C535D83CC1` FOREIGN KEY (`state_id`) REFERENCES `state` (`id`),
  CONSTRAINT `FK_DCBB0C53DF9BA23B` FOREIGN KEY (`bay_id`) REFERENCES `bay` (`id`)
) ENGINE=InnoDB AUTO_INCREMENT=27728 DEFAULT CHARSET=utf8mb4 COLLATE=utf8mb4_unicode_ci;
/*!40101 SET character_set_client = @saved_cs_client */;

--
-- Dumping data for table `unit`
--

LOCK TABLES `unit` WRITE;
/*!40000 ALTER TABLE `unit` DISABLE KEYS */;
INSERT INTO `unit` VALUES (26468,650,102,57,'B001U001'),(26469,650,100,56,'B001U002'),(26470,650,102,57,'B001U003'),(26471,650,101,57,'B001U004'),(26472,650,99,56,'B001U005'),(26473,650,102,56,'B001U006'),(26474,650,101,57,'B001U007'),(26475,650,102,57,'B001U008'),(26476,650,99,57,'B001U009'),(26477,650,102,57,'B001U010'),(26478,650,102,56,'B001U011'),(26479,650,102,56,'B001U012'),(26480,650,100,56,'B001U013'),(26481,650,102,57,'B001U014'),(26482,650,99,57,'B001U015'),(26483,650,100,56,'B001U016'),(26484,650,102,56,'B001U017'),(26485,650,102,56,'B001U018'),(26486,650,102,56,'B001U019'),(26487,650,100,57,'B001U020'),(26488,650,99,57,'B001U021'),(26489,650,102,57,'B001U022'),(26490,650,101,57,'B001U023'),(26491,650,101,56,'B001U024'),(26492,650,99,56,'B001U025'),(26493,650,100,57,'B001U026'),(26494,650,101,57,'B001U027'),(26495,650,99,56,'B001U028'),(26496,650,102,56,'B001U029'),(26497,650,102,56,'B001U030'),(26498,650,102,57,'B001U031'),(26499,650,102,56,'B001U032'),(26500,650,101,57,'B001U033'),(26501,650,101,56,'B001U034'),(26502,650,102,56,'B001U035'),(26503,650,99,56,'B001U036'),(26504,650,102,56,'B001U037'),(26505,650,100,56,'B001U038'),(26506,650,99,57,'B001U039'),(26507,650,102,56,'B001U040'),(26508,650,102,56,'B001U041'),(26509,650,101,56,'B001U042'),(26510,651,102,57,'B002U001'),(26511,651,100,57,'B002U002'),(26512,651,99,57,'B002U003'),(26513,651,99,57,'B002U004'),(26514,651,100,57,'B002U005'),(26515,651,99,57,'B002U006'),(26516,651,99,57,'B002U007'),(26517,651,100,56,'B002U008'),(26518,651,101,56,'B002U009'),(26519,651,99,57,'B002U010'),(26520,651,102,56,'B002U011'),(26521,651,101,56,'B002U012'),(26522,651,101,57,'B002U013'),(26523,651,100,57,'B002U014'),(26524,651,99,57,'B002U015'),(26525,651,102,57,'B002U016'),(26526,651,100,56,'B002U017'),(26527,651,101,56,'B002U018'),(26528,651,101,57,'B002U019'),(26529,651,101,57,'B002U020'),(26530,651,101,57,'B002U021'),(26531,651,101,56,'B002U022'),(26532,651,101,56,'B002U023'),(26533,651,100,57,'B002U024'),(26534,651,99,57,'B002U025'),(26535,651,102,56,'B002U026'),(26536,651,101,57,'B002U027'),(26537,651,101,57,'B002U028'),(26538,651,99,57,'B002U029'),(26539,651,102,57,'B002U030'),(26540,651,100,57,'B002U031'),(26541,651,101,56,'B002U032'),(26542,651,102,57,'B002U033'),(26543,651,100,57,'B002U034'),(26544,651,100,57,'B002U035'),(26545,651,100,57,'B002U036'),(26546,651,99,56,'B002U037'),(26547,651,102,57,'B002U038'),(26548,651,102,56,'B002U039'),(26549,651,101,57,'B002U040'),(26550,651,99,56,'B002U041'),(26551,651,101,56,'B002U042'),(26552,652,101,57,'B003U001'),(26553,652,99,56,'B003U002'),(26554,652,99,57,'B003U003'),(26555,652,101,57,'B003U004'),(26556,652,99,56,'B003U005'),(26557,652,99,57,'B003U006'),(26558,652,101,56,'B003U007'),(26559,652,102,56,'B003U008'),(26560,652,101,56,'B003U009'),(26561,652,99,56,'B003U010'),(26562,652,101,57,'B003U011'),(26563,652,100,57,'B003U012'),(26564,652,100,57,'B003U013'),(26565,652,101,57,'B003U014'),(26566,652,99,56,'B003U015'),(26567,652,102,57,'B003U016'),(26568,652,102,57,'B003U017'),(26569,652,100,57,'B003U018'),(26570,652,101,57,'B003U019'),(26571,652,100,57,'B003U020'),(26572,652,99,57,'B003U021'),(26573,652,99,57,'B003U022'),(26574,652,102,57,'B003U023'),(26575,652,100,57,'B003U024'),(26576,652,99,57,'B003U025'),(26577,652,100,56,'B003U026'),(26578,652,100,57,'B003U027'),(26579,652,101,56,'B003U028'),(26580,652,100,57,'B003U029'),(26581,652,102,56,'B003U030'),(26582,652,101,56,'B003U031'),(26583,652,102,57,'B003U032'),(26584,652,102,56,'B003U033'),(26585,652,102,57,'B003U034'),(26586,652,101,57,'B003U035'),(26587,652,100,56,'B003U036'),(26588,652,102,57,'B003U037'),(26589,652,101,57,'B003U038'),(26590,652,99,57,'B003U039'),(26591,652,99,57,'B003U040'),(26592,652,102,57,'B003U041'),(26593,652,101,56,'B003U042'),(26594,653,100,56,'B004U001'),(26595,653,102,56,'B004U002'),(26596,653,102,57,'B004U003'),(26597,653,101,57,'B004U004'),(26598,653,100,56,'B004U005'),(26599,653,99,57,'B004U006'),(26600,653,100,57,'B004U007'),(26601,653,102,56,'B004U008'),(26602,653,99,57,'B004U009'),(26603,653,99,56,'B004U010'),(26604,653,99,56,'B004U011'),(26605,653,100,57,'B004U012'),(26606,653,102,56,'B004U013'),(26607,653,100,57,'B004U014'),(26608,653,100,57,'B004U015'),(26609,653,99,56,'B004U016'),(26610,653,99,56,'B004U017'),(26611,653,101,57,'B004U018'),(26612,653,99,57,'B004U019'),(26613,653,101,56,'B004U020'),(26614,653,102,57,'B004U021'),(26615,653,99,57,'B004U022'),(26616,653,102,56,'B004U023'),(26617,653,102,56,'B004U024'),(26618,653,102,56,'B004U025'),(26619,653,102,56,'B004U026'),(26620,653,99,56,'B004U027'),(26621,653,100,56,'B004U028'),(26622,653,100,56,'B004U029'),(26623,653,100,56,'B004U030'),(26624,653,102,57,'B004U031'),(26625,653,100,56,'B004U032'),(26626,653,102,57,'B004U033'),(26627,653,101,56,'B004U034'),(26628,653,102,57,'B004U035'),(26629,653,100,56,'B004U036'),(26630,653,102,56,'B004U037'),(26631,653,99,57,'B004U038'),(26632,653,101,56,'B004U039'),(26633,653,100,56,'B004U040'),(26634,653,101,56,'B004U041'),(26635,653,99,57,'B004U042'),(26636,654,102,57,'B005U001'),(26637,654,102,57,'B005U002'),(26638,654,102,57,'B005U003'),(26639,654,100,56,'B005U004'),(26640,654,102,57,'B005U005'),(26641,654,100,56,'B005U006'),(26642,654,100,57,'B005U007'),(26643,654,99,56,'B005U008'),(26644,654,102,56,'B005U009'),(26645,654,102,57,'B005U010'),(26646,654,101,57,'B005U011'),(26647,654,102,57,'B005U012'),(26648,654,100,56,'B005U013'),(26649,654,99,56,'B005U014'),(26650,654,100,56,'B005U015'),(26651,654,99,56,'B005U016'),(26652,654,101,56,'B005U017'),(26653,654,100,56,'B005U018'),(26654,654,100,56,'B005U019'),(26655,654,99,56,'B005U020'),(26656,654,102,56,'B005U021'),(26657,654,99,56,'B005U022'),(26658,654,99,57,'B005U023'),(26659,654,102,56,'B005U024'),(26660,654,100,56,'B005U025'),(26661,654,99,57,'B005U026'),(26662,654,100,57,'B005U027'),(26663,654,101,57,'B005U028'),(26664,654,99,57,'B005U029'),(26665,654,101,56,'B005U030'),(26666,654,101,56,'B005U031'),(26667,654,100,57,'B005U032'),(26668,654,101,57,'B005U033'),(26669,654,100,56,'B005U034'),(26670,654,100,57,'B005U035'),(26671,654,99,56,'B005U036'),(26672,654,102,56,'B005U037'),(26673,654,102,56,'B005U038'),(26674,654,99,56,'B005U039'),(26675,654,100,57,'B005U040'),(26676,654,99,56,'B005U041'),(26677,654,102,56,'B005U042'),(26678,655,99,57,'B006U001'),(26679,655,100,57,'B006U002'),(26680,655,101,57,'B006U003'),(26681,655,99,56,'B006U004'),(26682,655,100,57,'B006U005'),(26683,655,102,56,'B006U006'),(26684,655,102,56,'B006U007'),(26685,655,100,57,'B006U008'),(26686,655,99,56,'B006U009'),(26687,655,101,57,'B006U010'),(26688,655,102,56,'B006U011'),(26689,655,102,57,'B006U012'),(26690,655,101,57,'B006U013'),(26691,655,99,57,'B006U014'),(26692,655,99,57,'B006U015'),(26693,655,99,57,'B006U016'),(26694,655,102,57,'B006U017'),(26695,655,99,57,'B006U018'),(26696,655,99,56,'B006U019'),(26697,655,102,57,'B006U020'),(26698,655,99,56,'B006U021'),(26699,655,99,57,'B006U022'),(26700,655,101,56,'B006U023'),(26701,655,100,56,'B006U024'),(26702,655,100,57,'B006U025'),(26703,655,101,57,'B006U026'),(26704,655,100,56,'B006U027'),(26705,655,99,56,'B006U028'),(26706,655,101,57,'B006U029'),(26707,655,102,56,'B006U030'),(26708,655,102,56,'B006U031'),(26709,655,101,56,'B006U032'),(26710,655,102,56,'B006U033'),(26711,655,99,56,'B006U034'),(26712,655,102,57,'B006U035'),(26713,655,101,57,'B006U036'),(26714,655,99,56,'B006U037'),(26715,655,101,56,'B006U038'),(26716,655,101,56,'B006U039'),(26717,655,99,57,'B006U040'),(26718,655,100,56,'B006U041'),(26719,655,99,57,'B006U042'),(26720,656,101,56,'B007U001'),(26721,656,102,57,'B007U002'),(26722,656,102,56,'B007U003'),(26723,656,101,57,'B007U004'),(26724,656,102,56,'B007U005'),(26725,656,100,57,'B007U006'),(26726,656,102,57,'B007U007'),(26727,656,101,57,'B007U008'),(26728,656,100,56,'B007U009'),(26729,656,100,56,'B007U010'),(26730,656,101,56,'B007U011'),(26731,656,101,57,'B007U012'),(26732,656,101,57,'B007U013'),(26733,656,100,57,'B007U014'),(26734,656,100,56,'B007U015'),(26735,656,99,57,'B007U016'),(26736,656,99,57,'B007U017'),(26737,656,101,57,'B007U018'),(26738,656,102,57,'B007U019'),(26739,656,100,57,'B007U020'),(26740,656,101,56,'B007U021'),(26741,656,99,57,'B007U022'),(26742,656,99,57,'B007U023'),(26743,656,100,56,'B007U024'),(26744,656,102,57,'B007U025'),(26745,656,99,57,'B007U026'),(26746,656,101,57,'B007U027'),(26747,656,101,56,'B007U028'),(26748,656,99,56,'B007U029'),(26749,656,101,56,'B007U030'),(26750,656,101,56,'B007U031'),(26751,656,102,57,'B007U032'),(26752,656,99,56,'B007U033'),(26753,656,102,56,'B007U034'),(26754,656,101,57,'B007U035'),(26755,656,101,57,'B007U036'),(26756,656,101,56,'B007U037'),(26757,656,101,56,'B007U038'),(26758,656,102,57,'B007U039'),(26759,656,101,57,'B007U040'),(26760,656,102,56,'B007U041'),(26761,656,101,56,'B007U042'),(26762,657,100,57,'B008U001'),(26763,657,101,57,'B008U002'),(26764,657,100,57,'B008U003'),(26765,657,99,56,'B008U004'),(26766,657,99,57,'B008U005'),(26767,657,100,56,'B008U006'),(26768,657,100,56,'B008U007'),(26769,657,100,57,'B008U008'),(26770,657,102,57,'B008U009'),(26771,657,100,56,'B008U010'),(26772,657,100,56,'B008U011'),(26773,657,101,57,'B008U012'),(26774,657,102,57,'B008U013'),(26775,657,102,57,'B008U014'),(26776,657,101,57,'B008U015'),(26777,657,101,57,'B008U016'),(26778,657,102,57,'B008U017'),(26779,657,99,57,'B008U018'),(26780,657,101,57,'B008U019'),(26781,657,101,57,'B008U020'),(26782,657,102,57,'B008U021'),(26783,657,102,57,'B008U022'),(26784,657,101,57,'B008U023'),(26785,657,99,56,'B008U024'),(26786,657,101,57,'B008U025'),(26787,657,101,56,'B008U026'),(26788,657,100,56,'B008U027'),(26789,657,99,57,'B008U028'),(26790,657,100,57,'B008U029'),(26791,657,99,57,'B008U030'),(26792,657,99,57,'B008U031'),(26793,657,102,57,'B008U032'),(26794,657,100,57,'B008U033'),(26795,657,102,56,'B008U034'),(26796,657,99,57,'B008U035'),(26797,657,101,57,'B008U036'),(26798,657,100,56,'B008U037'),(26799,657,101,57,'B008U038'),(26800,657,102,56,'B008U039'),(26801,657,99,56,'B008U040'),(26802,657,102,57,'B008U041'),(26803,657,101,57,'B008U042'),(26804,658,102,56,'B009U001'),(26805,658,102,57,'B009U002'),(26806,658,101,56,'B009U003'),(26807,658,101,56,'B009U004'),(26808,658,102,56,'B009U005'),(26809,658,99,56,'B009U006'),(26810,658,101,57,'B009U007'),(26811,658,99,56,'B009U008'),(26812,658,101,57,'B009U009'),(26813,658,102,56,'B009U010'),(26814,658,102,57,'B009U011'),(26815,658,100,57,'B009U012'),(26816,658,99,56,'B009U013'),(26817,658,101,57,'B009U014'),(26818,658,102,57,'B009U015'),(26819,658,102,57,'B009U016'),(26820,658,100,56,'B009U017'),(26821,658,99,57,'B009U018'),(26822,658,102,57,'B009U019'),(26823,658,99,56,'B009U020'),(26824,658,101,57,'B009U021'),(26825,658,102,56,'B009U022'),(26826,658,102,57,'B009U023'),(26827,658,102,57,'B009U024'),(26828,658,102,56,'B009U025'),(26829,658,99,56,'B009U026'),(26830,658,100,56,'B009U027'),(26831,658,99,57,'B009U028'),(26832,658,102,57,'B009U029'),(26833,658,99,57,'B009U030'),(26834,658,102,57,'B009U031'),(26835,658,100,56,'B009U032'),(26836,658,102,57,'B009U033'),(26837,658,101,56,'B009U034'),(26838,658,102,57,'B009U035'),(26839,658,100,57,'B009U036'),(26840,658,100,57,'B009U037'),(26841,658,102,57,'B009U038'),(26842,658,100,56,'B009U039'),(26843,658,101,56,'B009U040'),(26844,658,100,56,'B009U041'),(26845,658,99,57,'B009U042'),(26846,659,102,56,'B010U001'),(26847,659,99,57,'B010U002'),(26848,659,100,57,'B010U003'),(26849,659,100,56,'B010U004'),(26850,659,101,56,'B010U005'),(26851,659,99,56,'B010U006'),(26852,659,100,56,'B010U007'),(26853,659,100,57,'B010U008'),(26854,659,102,56,'B010U009'),(26855,659,99,57,'B010U010'),(26856,659,101,57,'B010U011'),(26857,659,100,57,'B010U012'),(26858,659,102,56,'B010U013'),(26859,659,102,57,'B010U014'),(26860,659,99,57,'B010U015'),(26861,659,100,56,'B010U016'),(26862,659,100,57,'B010U017'),(26863,659,101,57,'B010U018'),(26864,659,101,56,'B010U019'),(26865,659,101,56,'B010U020'),(26866,659,101,56,'B010U021'),(26867,659,99,56,'B010U022'),(26868,659,102,57,'B010U023'),(26869,659,100,57,'B010U024'),(26870,659,101,56,'B010U025'),(26871,659,100,56,'B010U026'),(26872,659,102,57,'B010U027'),(26873,659,99,56,'B010U028'),(26874,659,101,56,'B010U029'),(26875,659,99,56,'B010U030'),(26876,659,99,57,'B010U031'),(26877,659,100,57,'B010U032'),(26878,659,100,56,'B010U033'),(26879,659,100,57,'B010U034'),(26880,659,99,56,'B010U035'),(26881,659,101,56,'B010U036'),(26882,659,99,56,'B010U037'),(26883,659,100,56,'B010U038'),(26884,659,101,56,'B010U039'),(26885,659,101,56,'B010U040'),(26886,659,100,56,'B010U041'),(26887,659,100,57,'B010U042'),(26888,660,100,57,'B011U001'),(26889,660,100,57,'B011U002'),(26890,660,102,56,'B011U003'),(26891,660,101,57,'B011U004'),(26892,660,101,57,'B011U005'),(26893,660,99,57,'B011U006'),(26894,660,102,56,'B011U007'),(26895,660,99,57,'B011U008'),(26896,660,100,56,'B011U009'),(26897,660,101,57,'B011U010'),(26898,660,99,57,'B011U011'),(26899,660,100,56,'B011U012'),(26900,660,102,56,'B011U013'),(26901,660,102,57,'B011U014'),(26902,660,101,57,'B011U015'),(26903,660,101,56,'B011U016'),(26904,660,102,57,'B011U017'),(26905,660,100,57,'B011U018'),(26906,660,99,56,'B011U019'),(26907,660,99,56,'B011U020'),(26908,660,99,56,'B011U021'),(26909,660,101,56,'B011U022'),(26910,660,100,56,'B011U023'),(26911,660,100,57,'B011U024'),(26912,660,102,57,'B011U025'),(26913,660,101,56,'B011U026'),(26914,660,102,56,'B011U027'),(26915,660,101,57,'B011U028'),(26916,660,100,56,'B011U029'),(26917,660,102,57,'B011U030'),(26918,660,102,57,'B011U031'),(26919,660,100,57,'B011U032'),(26920,660,99,56,'B011U033'),(26921,660,99,56,'B011U034'),(26922,660,99,56,'B011U035'),(26923,660,100,57,'B011U036'),(26924,660,101,57,'B011U037'),(26925,660,102,56,'B011U038'),(26926,660,99,57,'B011U039'),(26927,660,101,57,'B011U040'),(26928,660,102,56,'B011U041'),(26929,660,102,57,'B011U042'),(26930,661,101,56,'B012U001'),(26931,661,101,57,'B012U002'),(26932,661,102,57,'B012U003'),(26933,661,101,57,'B012U004'),(26934,661,101,56,'B012U005'),(26935,661,102,57,'B012U006'),(26936,661,101,56,'B012U007'),(26937,661,102,57,'B012U008'),(26938,661,99,57,'B012U009'),(26939,661,100,56,'B012U010'),(26940,661,99,57,'B012U011'),(26941,661,100,56,'B012U012'),(26942,661,100,57,'B012U013'),(26943,661,102,57,'B012U014'),(26944,661,99,56,'B012U015'),(26945,661,100,56,'B012U016'),(26946,661,102,57,'B012U017'),(26947,661,101,57,'B012U018'),(26948,661,100,56,'B012U019'),(26949,661,99,57,'B012U020'),(26950,661,102,56,'B012U021'),(26951,661,99,56,'B012U022'),(26952,661,101,57,'B012U023'),(26953,661,100,57,'B012U024'),(26954,661,99,57,'B012U025'),(26955,661,101,56,'B012U026'),(26956,661,102,56,'B012U027'),(26957,661,102,56,'B012U028'),(26958,661,102,56,'B012U029'),(26959,661,100,57,'B012U030'),(26960,661,101,56,'B012U031'),(26961,661,99,56,'B012U032'),(26962,661,99,56,'B012U033'),(26963,661,99,57,'B012U034'),(26964,661,101,57,'B012U035'),(26965,661,100,56,'B012U036'),(26966,661,99,56,'B012U037'),(26967,661,100,56,'B012U038'),(26968,661,99,57,'B012U039'),(26969,661,101,56,'B012U040'),(26970,661,99,56,'B012U041'),(26971,661,102,57,'B012U042'),(26972,662,99,57,'B013U001'),(26973,662,99,56,'B013U002'),(26974,662,100,57,'B013U003'),(26975,662,101,56,'B013U004'),(26976,662,100,57,'B013U005'),(26977,662,101,56,'B013U006'),(26978,662,102,57,'B013U007'),(26979,662,101,56,'B013U008'),(26980,662,100,56,'B013U009'),(26981,662,99,57,'B013U010'),(26982,662,101,57,'B013U011'),(26983,662,100,56,'B013U012'),(26984,662,100,57,'B013U013'),(26985,662,102,57,'B013U014'),(26986,662,100,57,'B013U015'),(26987,662,101,57,'B013U016'),(26988,662,100,56,'B013U017'),(26989,662,101,56,'B013U018'),(26990,662,102,57,'B013U019'),(26991,662,99,57,'B013U020'),(26992,662,99,57,'B013U021'),(26993,662,99,56,'B013U022'),(26994,662,101,56,'B013U023'),(26995,662,101,57,'B013U024'),(26996,662,100,56,'B013U025'),(26997,662,102,57,'B013U026'),(26998,662,102,56,'B013U027'),(26999,662,101,57,'B013U028'),(27000,662,100,56,'B013U029'),(27001,662,101,57,'B013U030'),(27002,662,100,56,'B013U031'),(27003,662,101,57,'B013U032'),(27004,662,100,56,'B013U033'),(27005,662,102,56,'B013U034'),(27006,662,99,57,'B013U035'),(27007,662,99,56,'B013U036'),(27008,662,99,56,'B013U037'),(27009,662,99,56,'B013U038'),(27010,662,102,57,'B013U039'),(27011,662,101,56,'B013U040'),(27012,662,100,57,'B013U041'),(27013,662,99,57,'B013U042'),(27014,663,102,56,'B014U001'),(27015,663,99,57,'B014U002'),(27016,663,99,56,'B014U003'),(27017,663,99,56,'B014U004'),(27018,663,100,57,'B014U005'),(27019,663,100,57,'B014U006'),(27020,663,101,57,'B014U007'),(27021,663,99,57,'B014U008'),(27022,663,102,57,'B014U009'),(27023,663,101,56,'B014U010'),(27024,663,102,56,'B014U011'),(27025,663,99,57,'B014U012'),(27026,663,101,56,'B014U013'),(27027,663,100,56,'B014U014'),(27028,663,101,57,'B014U015'),(27029,663,99,57,'B014U016'),(27030,663,102,57,'B014U017'),(27031,663,99,57,'B014U018'),(27032,663,100,56,'B014U019'),(27033,663,100,57,'B014U020'),(27034,663,101,57,'B014U021'),(27035,663,101,56,'B014U022'),(27036,663,102,56,'B014U023'),(27037,663,101,57,'B014U024'),(27038,663,101,56,'B014U025'),(27039,663,102,56,'B014U026'),(27040,663,99,56,'B014U027'),(27041,663,101,57,'B014U028'),(27042,663,101,56,'B014U029'),(27043,663,99,57,'B014U030'),(27044,663,100,56,'B014U031'),(27045,663,102,56,'B014U032'),(27046,663,101,56,'B014U033'),(27047,663,102,56,'B014U034'),(27048,663,99,57,'B014U035'),(27049,663,100,56,'B014U036'),(27050,663,99,57,'B014U037'),(27051,663,99,57,'B014U038'),(27052,663,102,57,'B014U039'),(27053,663,99,57,'B014U040'),(27054,663,102,56,'B014U041'),(27055,663,99,56,'B014U042'),(27056,664,102,57,'B015U001'),(27057,664,100,57,'B015U002'),(27058,664,99,56,'B015U003'),(27059,664,99,57,'B015U004'),(27060,664,102,57,'B015U005'),(27061,664,101,56,'B015U006'),(27062,664,100,56,'B015U007'),(27063,664,102,57,'B015U008'),(27064,664,100,56,'B015U009'),(27065,664,101,57,'B015U010'),(27066,664,102,57,'B015U011'),(27067,664,101,57,'B015U012'),(27068,664,101,56,'B015U013'),(27069,664,102,57,'B015U014'),(27070,664,101,56,'B015U015'),(27071,664,101,57,'B015U016'),(27072,664,99,57,'B015U017'),(27073,664,99,57,'B015U018'),(27074,664,99,57,'B015U019'),(27075,664,100,57,'B015U020'),(27076,664,99,57,'B015U021'),(27077,664,102,56,'B015U022'),(27078,664,100,57,'B015U023'),(27079,664,100,57,'B015U024'),(27080,664,101,56,'B015U025'),(27081,664,99,56,'B015U026'),(27082,664,102,56,'B015U027'),(27083,664,99,57,'B015U028'),(27084,664,101,57,'B015U029'),(27085,664,100,56,'B015U030'),(27086,664,101,57,'B015U031'),(27087,664,100,57,'B015U032'),(27088,664,100,56,'B015U033'),(27089,664,102,57,'B015U034'),(27090,664,100,56,'B015U035'),(27091,664,102,56,'B015U036'),(27092,664,101,56,'B015U037'),(27093,664,102,57,'B015U038'),(27094,664,100,57,'B015U039'),(27095,664,102,56,'B015U040'),(27096,664,102,57,'B015U041'),(27097,664,101,56,'B015U042'),(27098,665,101,56,'B016U001'),(27099,665,101,56,'B016U002'),(27100,665,101,57,'B016U003'),(27101,665,101,57,'B016U004'),(27102,665,99,57,'B016U005'),(27103,665,101,56,'B016U006'),(27104,665,101,57,'B016U007'),(27105,665,102,57,'B016U008'),(27106,665,100,57,'B016U009'),(27107,665,99,57,'B016U010'),(27108,665,100,56,'B016U011'),(27109,665,102,57,'B016U012'),(27110,665,101,56,'B016U013'),(27111,665,102,57,'B016U014'),(27112,665,99,56,'B016U015'),(27113,665,99,57,'B016U016'),(27114,665,101,57,'B016U017'),(27115,665,100,57,'B016U018'),(27116,665,102,56,'B016U019'),(27117,665,100,57,'B016U020'),(27118,665,101,56,'B016U021'),(27119,665,102,57,'B016U022'),(27120,665,102,56,'B016U023'),(27121,665,100,57,'B016U024'),(27122,665,99,56,'B016U025'),(27123,665,99,56,'B016U026'),(27124,665,100,57,'B016U027'),(27125,665,102,57,'B016U028'),(27126,665,102,57,'B016U029'),(27127,665,99,57,'B016U030'),(27128,665,99,57,'B016U031'),(27129,665,102,56,'B016U032'),(27130,665,102,56,'B016U033'),(27131,665,100,57,'B016U034'),(27132,665,99,57,'B016U035'),(27133,665,102,57,'B016U036'),(27134,665,102,57,'B016U037'),(27135,665,101,57,'B016U038'),(27136,665,101,57,'B016U039'),(27137,665,100,56,'B016U040'),(27138,665,99,56,'B016U041'),(27139,665,99,57,'B016U042'),(27140,666,99,56,'B017U001'),(27141,666,99,56,'B017U002'),(27142,666,101,57,'B017U003'),(27143,666,100,57,'B017U004'),(27144,666,102,56,'B017U005'),(27145,666,101,56,'B017U006'),(27146,666,100,56,'B017U007'),(27147,666,99,57,'B017U008'),(27148,666,99,57,'B017U009'),(27149,666,100,57,'B017U010'),(27150,666,100,56,'B017U011'),(27151,666,99,56,'B017U012'),(27152,666,100,57,'B017U013'),(27153,666,101,57,'B017U014'),(27154,666,99,57,'B017U015'),(27155,666,101,56,'B017U016'),(27156,666,102,57,'B017U017'),(27157,666,101,57,'B017U018'),(27158,666,100,56,'B017U019'),(27159,666,102,56,'B017U020'),(27160,666,99,57,'B017U021'),(27161,666,99,57,'B017U022'),(27162,666,99,57,'B017U023'),(27163,666,100,57,'B017U024'),(27164,666,100,56,'B017U025'),(27165,666,99,57,'B017U026'),(27166,666,102,56,'B017U027'),(27167,666,100,57,'B017U028'),(27168,666,101,57,'B017U029'),(27169,666,101,56,'B017U030'),(27170,666,99,56,'B017U031'),(27171,666,101,56,'B017U032'),(27172,666,101,56,'B017U033'),(27173,666,100,56,'B017U034'),(27174,666,100,57,'B017U035'),(27175,666,100,57,'B017U036'),(27176,666,101,56,'B017U037'),(27177,666,101,57,'B017U038'),(27178,666,102,57,'B017U039'),(27179,666,100,56,'B017U040'),(27180,666,102,57,'B017U041'),(27181,666,99,57,'B017U042'),(27182,667,102,56,'B018U001'),(27183,667,99,57,'B018U002'),(27184,667,101,57,'B018U003'),(27185,667,99,57,'B018U004'),(27186,667,100,57,'B018U005'),(27187,667,99,56,'B018U006'),(27188,667,102,57,'B018U007'),(27189,667,99,56,'B018U008'),(27190,667,101,57,'B018U009'),(27191,667,102,56,'B018U010'),(27192,667,102,56,'B018U011'),(27193,667,102,56,'B018U012'),(27194,667,100,56,'B018U013'),(27195,667,101,56,'B018U014'),(27196,667,102,57,'B018U015'),(27197,667,102,57,'B018U016'),(27198,667,102,56,'B018U017'),(27199,667,100,56,'B018U018'),(27200,667,102,57,'B018U019'),(27201,667,102,56,'B018U020'),(27202,667,102,57,'B018U021'),(27203,667,101,56,'B018U022'),(27204,667,99,57,'B018U023'),(27205,667,99,57,'B018U024'),(27206,667,101,56,'B018U025'),(27207,667,99,57,'B018U026'),(27208,667,101,56,'B018U027'),(27209,667,101,57,'B018U028'),(27210,667,102,56,'B018U029'),(27211,667,102,56,'B018U030'),(27212,667,99,56,'B018U031'),(27213,667,102,56,'B018U032'),(27214,667,99,56,'B018U033'),(27215,667,99,56,'B018U034'),(27216,667,100,57,'B018U035'),(27217,667,100,56,'B018U036'),(27218,667,100,57,'B018U037'),(27219,667,99,57,'B018U038'),(27220,667,100,56,'B018U039'),(27221,667,99,56,'B018U040'),(27222,667,99,56,'B018U041'),(27223,667,99,57,'B018U042'),(27224,668,102,57,'B019U001'),(27225,668,101,56,'B019U002'),(27226,668,100,57,'B019U003'),(27227,668,100,56,'B019U004'),(27228,668,99,56,'B019U005'),(27229,668,99,57,'B019U006'),(27230,668,102,57,'B019U007'),(27231,668,99,56,'B019U008'),(27232,668,99,57,'B019U009'),(27233,668,102,56,'B019U010'),(27234,668,100,56,'B019U011'),(27235,668,100,57,'B019U012'),(27236,668,100,57,'B019U013'),(27237,668,100,57,'B019U014'),(27238,668,100,57,'B019U015'),(27239,668,99,56,'B019U016'),(27240,668,102,57,'B019U017'),(27241,668,100,56,'B019U018'),(27242,668,100,56,'B019U019'),(27243,668,102,57,'B019U020'),(27244,668,100,57,'B019U021'),(27245,668,101,56,'B019U022'),(27246,668,102,57,'B019U023'),(27247,668,102,57,'B019U024'),(27248,668,100,57,'B019U025'),(27249,668,102,56,'B019U026'),(27250,668,102,57,'B019U027'),(27251,668,100,57,'B019U028'),(27252,668,102,57,'B019U029'),(27253,668,101,56,'B019U030'),(27254,668,99,56,'B019U031'),(27255,668,99,57,'B019U032'),(27256,668,102,56,'B019U033'),(27257,668,100,57,'B019U034'),(27258,668,99,57,'B019U035'),(27259,668,102,56,'B019U036'),(27260,668,102,56,'B019U037'),(27261,668,101,56,'B019U038'),(27262,668,100,57,'B019U039'),(27263,668,99,57,'B019U040'),(27264,668,101,56,'B019U041'),(27265,668,102,57,'B019U042'),(27266,669,100,57,'B020U001'),(27267,669,99,56,'B020U002'),(27268,669,101,57,'B020U003'),(27269,669,101,57,'B020U004'),(27270,669,101,57,'B020U005'),(27271,669,99,57,'B020U006'),(27272,669,100,57,'B020U007'),(27273,669,101,56,'B020U008'),(27274,669,100,57,'B020U009'),(27275,669,100,56,'B020U010'),(27276,669,100,57,'B020U011'),(27277,669,99,57,'B020U012'),(27278,669,102,56,'B020U013'),(27279,669,100,56,'B020U014'),(27280,669,100,57,'B020U015'),(27281,669,100,56,'B020U016'),(27282,669,100,57,'B020U017'),(27283,669,102,57,'B020U018'),(27284,669,101,56,'B020U019'),(27285,669,102,57,'B020U020'),(27286,669,101,57,'B020U021'),(27287,669,100,56,'B020U022'),(27288,669,102,57,'B020U023'),(27289,669,100,57,'B020U024'),(27290,669,102,57,'B020U025'),(27291,669,101,56,'B020U026'),(27292,669,99,56,'B020U027'),(27293,669,100,57,'B020U028'),(27294,669,102,57,'B020U029'),(27295,669,100,57,'B020U030'),(27296,669,101,57,'B020U031'),(27297,669,99,57,'B020U032'),(27298,669,101,57,'B020U033'),(27299,669,99,57,'B020U034'),(27300,669,101,57,'B020U035'),(27301,669,99,57,'B020U036'),(27302,669,102,57,'B020U037'),(27303,669,102,56,'B020U038'),(27304,669,100,56,'B020U039'),(27305,669,102,57,'B020U040'),(27306,669,101,57,'B020U041'),(27307,669,100,56,'B020U042'),(27308,670,102,57,'B021U001'),(27309,670,101,56,'B021U002'),(27310,670,99,56,'B021U003'),(27311,670,101,57,'B021U004'),(27312,670,99,57,'B021U005'),(27313,670,102,56,'B021U006'),(27314,670,101,57,'B021U007'),(27315,670,101,56,'B021U008'),(27316,670,101,56,'B021U009'),(27317,670,100,56,'B021U010'),(27318,670,102,57,'B021U011'),(27319,670,100,57,'B021U012'),(27320,670,100,56,'B021U013'),(27321,670,102,57,'B021U014'),(27322,670,100,56,'B021U015'),(27323,670,101,57,'B021U016'),(27324,670,101,56,'B021U017'),(27325,670,101,56,'B021U018'),(27326,670,99,57,'B021U019'),(27327,670,101,57,'B021U020'),(27328,670,99,57,'B021U021'),(27329,670,101,57,'B021U022'),(27330,670,101,56,'B021U023'),(27331,670,101,56,'B021U024'),(27332,670,102,57,'B021U025'),(27333,670,102,56,'B021U026'),(27334,670,101,57,'B021U027'),(27335,670,99,57,'B021U028'),(27336,670,102,56,'B021U029'),(27337,670,99,57,'B021U030'),(27338,670,102,57,'B021U031'),(27339,670,102,56,'B021U032'),(27340,670,102,57,'B021U033'),(27341,670,102,57,'B021U034'),(27342,670,102,56,'B021U035'),(27343,670,99,57,'B021U036'),(27344,670,101,57,'B021U037'),(27345,670,100,56,'B021U038'),(27346,670,102,56,'B021U039'),(27347,670,102,56,'B021U040'),(27348,670,102,57,'B021U041'),(27349,670,101,56,'B021U042'),(27350,671,101,56,'B022U001'),(27351,671,100,57,'B022U002'),(27352,671,100,57,'B022U003'),(27353,671,100,57,'B022U004'),(27354,671,99,57,'B022U005'),(27355,671,99,57,'B022U006'),(27356,671,102,57,'B022U007'),(27357,671,101,57,'B022U008'),(27358,671,101,56,'B022U009'),(27359,671,100,56,'B022U010'),(27360,671,100,57,'B022U011'),(27361,671,100,57,'B022U012'),(27362,671,99,57,'B022U013'),(27363,671,102,57,'B022U014'),(27364,671,100,56,'B022U015'),(27365,671,99,57,'B022U016'),(27366,671,102,56,'B022U017'),(27367,671,100,57,'B022U018'),(27368,671,102,57,'B022U019'),(27369,671,102,57,'B022U020'),(27370,671,100,57,'B022U021'),(27371,671,102,56,'B022U022'),(27372,671,102,57,'B022U023'),(27373,671,102,57,'B022U024'),(27374,671,100,56,'B022U025'),(27375,671,102,56,'B022U026'),(27376,671,100,56,'B022U027'),(27377,671,101,57,'B022U028'),(27378,671,100,56,'B022U029'),(27379,671,102,57,'B022U030'),(27380,671,101,57,'B022U031'),(27381,671,100,56,'B022U032'),(27382,671,102,57,'B022U033'),(27383,671,101,57,'B022U034'),(27384,671,99,57,'B022U035'),(27385,671,100,57,'B022U036'),(27386,671,100,56,'B022U037'),(27387,671,99,56,'B022U038'),(27388,671,101,56,'B022U039'),(27389,671,100,56,'B022U040'),(27390,671,99,56,'B022U041'),(27391,671,102,57,'B022U042'),(27392,672,102,57,'B023U001'),(27393,672,100,56,'B023U002'),(27394,672,99,56,'B023U003'),(27395,672,99,56,'B023U004'),(27396,672,102,57,'B023U005'),(27397,672,101,56,'B023U006'),(27398,672,100,57,'B023U007'),(27399,672,99,56,'B023U008'),(27400,672,99,56,'B023U009'),(27401,672,101,56,'B023U010'),(27402,672,101,56,'B023U011'),(27403,672,102,56,'B023U012'),(27404,672,100,56,'B023U013'),(27405,672,102,56,'B023U014'),(27406,672,99,57,'B023U015'),(27407,672,100,56,'B023U016'),(27408,672,102,57,'B023U017'),(27409,672,99,56,'B023U018'),(27410,672,101,57,'B023U019'),(27411,672,100,57,'B023U020'),(27412,672,99,56,'B023U021'),(27413,672,100,56,'B023U022'),(27414,672,102,56,'B023U023'),(27415,672,100,57,'B023U024'),(27416,672,101,57,'B023U025'),(27417,672,100,56,'B023U026'),(27418,672,101,57,'B023U027'),(27419,672,100,57,'B023U028'),(27420,672,101,57,'B023U029'),(27421,672,100,56,'B023U030'),(27422,672,100,56,'B023U031'),(27423,672,101,57,'B023U032'),(27424,672,102,56,'B023U033'),(27425,672,101,56,'B023U034'),(27426,672,100,57,'B023U035'),(27427,672,100,57,'B023U036'),(27428,672,100,56,'B023U037'),(27429,672,101,57,'B023U038'),(27430,672,102,56,'B023U039'),(27431,672,99,56,'B023U040'),(27432,672,101,57,'B023U041'),(27433,672,100,56,'B023U042'),(27434,673,100,56,'B024U001'),(27435,673,100,57,'B024U002'),(27436,673,101,56,'B024U003'),(27437,673,99,56,'B024U004'),(27438,673,102,57,'B024U005'),(27439,673,101,57,'B024U006'),(27440,673,101,57,'B024U007'),(27441,673,101,57,'B024U008'),(27442,673,101,57,'B024U009'),(27443,673,102,57,'B024U010'),(27444,673,100,57,'B024U011'),(27445,673,101,57,'B024U012'),(27446,673,100,57,'B024U013'),(27447,673,102,56,'B024U014'),(27448,673,101,56,'B024U015'),(27449,673,99,57,'B024U016'),(27450,673,102,57,'B024U017'),(27451,673,102,56,'B024U018'),(27452,673,102,57,'B024U019'),(27453,673,100,57,'B024U020'),(27454,673,102,57,'B024U021'),(27455,673,99,56,'B024U022'),(27456,673,100,56,'B024U023'),(27457,673,99,57,'B024U024'),(27458,673,102,56,'B024U025'),(27459,673,99,57,'B024U026'),(27460,673,101,57,'B024U027'),(27461,673,102,56,'B024U028'),(27462,673,102,56,'B024U029'),(27463,673,99,56,'B024U030'),(27464,673,102,56,'B024U031'),(27465,673,100,56,'B024U032'),(27466,673,102,56,'B024U033'),(27467,673,99,57,'B024U034'),(27468,673,101,56,'B024U035'),(27469,673,101,57,'B024U036'),(27470,673,100,57,'B024U037'),(27471,673,101,57,'B024U038'),(27472,673,102,56,'B024U039'),(27473,673,102,56,'B024U040'),(27474,673,99,57,'B024U041'),(27475,673,101,57,'B024U042'),(27476,674,99,57,'B025U001'),(27477,674,100,56,'B025U002'),(27478,674,100,56,'B025U003'),(27479,674,100,56,'B025U004'),(27480,674,101,57,'B025U005'),(27481,674,100,56,'B025U006'),(27482,674,101,56,'B025U007'),(27483,674,100,57,'B025U008'),(27484,674,100,57,'B025U009'),(27485,674,99,57,'B025U010'),(27486,674,100,56,'B025U011'),(27487,674,100,57,'B025U012'),(27488,674,102,56,'B025U013'),(27489,674,100,57,'B025U014'),(27490,674,101,56,'B025U015'),(27491,674,99,57,'B025U016'),(27492,674,101,57,'B025U017'),(27493,674,99,56,'B025U018'),(27494,674,100,57,'B025U019'),(27495,674,102,57,'B025U020'),(27496,674,102,57,'B025U021'),(27497,674,102,56,'B025U022'),(27498,674,102,57,'B025U023'),(27499,674,99,56,'B025U024'),(27500,674,99,57,'B025U025'),(27501,674,99,56,'B025U026'),(27502,674,101,57,'B025U027'),(27503,674,102,56,'B025U028'),(27504,674,102,57,'B025U029'),(27505,674,100,57,'B025U030'),(27506,674,99,56,'B025U031'),(27507,674,101,56,'B025U032'),(27508,674,101,57,'B025U033'),(27509,674,99,57,'B025U034'),(27510,674,100,56,'B025U035'),(27511,674,99,57,'B025U036'),(27512,674,100,57,'B025U037'),(27513,674,100,57,'B025U038'),(27514,674,99,56,'B025U039'),(27515,674,101,56,'B025U040'),(27516,674,99,57,'B025U041'),(27517,674,102,56,'B025U042'),(27518,675,102,56,'B026U001'),(27519,675,102,57,'B026U002'),(27520,675,101,56,'B026U003'),(27521,675,102,57,'B026U004'),(27522,675,100,57,'B026U005'),(27523,675,101,56,'B026U006'),(27524,675,101,57,'B026U007'),(27525,675,100,56,'B026U008'),(27526,675,101,57,'B026U009'),(27527,675,100,56,'B026U010'),(27528,675,101,56,'B026U011'),(27529,675,102,56,'B026U012'),(27530,675,100,56,'B026U013'),(27531,675,100,56,'B026U014'),(27532,675,100,56,'B026U015'),(27533,675,99,56,'B026U016'),(27534,675,101,56,'B026U017'),(27535,675,101,57,'B026U018'),(27536,675,100,57,'B026U019'),(27537,675,99,57,'B026U020'),(27538,675,100,57,'B026U021'),(27539,675,101,57,'B026U022'),(27540,675,101,57,'B026U023'),(27541,675,102,57,'B026U024'),(27542,675,102,56,'B026U025'),(27543,675,102,56,'B026U026'),(27544,675,99,56,'B026U027'),(27545,675,100,56,'B026U028'),(27546,675,101,56,'B026U029'),(27547,675,101,56,'B026U030'),(27548,675,102,57,'B026U031'),(27549,675,100,57,'B026U032'),(27550,675,101,57,'B026U033'),(27551,675,102,56,'B026U034'),(27552,675,100,57,'B026U035'),(27553,675,102,57,'B026U036'),(27554,675,99,56,'B026U037'),(27555,675,102,57,'B026U038'),(27556,675,102,56,'B026U039'),(27557,675,100,57,'B026U040'),(27558,675,99,56,'B026U041'),(27559,675,100,56,'B026U042'),(27560,676,102,56,'B027U001'),(27561,676,99,56,'B027U002'),(27562,676,99,56,'B027U003'),(27563,676,99,56,'B027U004'),(27564,676,102,57,'B027U005'),(27565,676,100,56,'B027U006'),(27566,676,101,57,'B027U007'),(27567,676,99,57,'B027U008'),(27568,676,100,56,'B027U009'),(27569,676,102,56,'B027U010'),(27570,676,101,57,'B027U011'),(27571,676,101,57,'B027U012'),(27572,676,99,56,'B027U013'),(27573,676,99,56,'B027U014'),(27574,676,101,56,'B027U015'),(27575,676,102,57,'B027U016'),(27576,676,102,56,'B027U017'),(27577,676,101,57,'B027U018'),(27578,676,101,57,'B027U019'),(27579,676,101,57,'B027U020'),(27580,676,101,56,'B027U021'),(27581,676,100,57,'B027U022'),(27582,676,99,56,'B027U023'),(27583,676,101,57,'B027U024'),(27584,676,101,56,'B027U025'),(27585,676,100,56,'B027U026'),(27586,676,102,57,'B027U027'),(27587,676,101,57,'B027U028'),(27588,676,101,57,'B027U029'),(27589,676,102,56,'B027U030'),(27590,676,101,56,'B027U031'),(27591,676,102,57,'B027U032'),(27592,676,99,57,'B027U033'),(27593,676,99,57,'B027U034'),(27594,676,102,57,'B027U035'),(27595,676,99,56,'B027U036'),(27596,676,102,57,'B027U037'),(27597,676,100,56,'B027U038'),(27598,676,99,56,'B027U039'),(27599,676,100,56,'B027U040'),(27600,676,101,56,'B027U041'),(27601,676,101,57,'B027U042'),(27602,677,100,57,'B028U001'),(27603,677,99,57,'B028U002'),(27604,677,99,57,'B028U003'),(27605,677,102,56,'B028U004'),(27606,677,99,56,'B028U005'),(27607,677,100,56,'B028U006'),(27608,677,100,56,'B028U007'),(27609,677,100,57,'B028U008'),(27610,677,102,57,'B028U009'),(27611,677,102,56,'B028U010'),(27612,677,100,56,'B028U011'),(27613,677,101,57,'B028U012'),(27614,677,99,57,'B028U013'),(27615,677,102,57,'B028U014'),(27616,677,100,56,'B028U015'),(27617,677,102,56,'B028U016'),(27618,677,102,56,'B028U017'),(27619,677,100,56,'B028U018'),(27620,677,102,56,'B028U019'),(27621,677,100,56,'B028U020'),(27622,677,102,56,'B028U021'),(27623,677,99,57,'B028U022'),(27624,677,100,57,'B028U023'),(27625,677,102,57,'B028U024'),(27626,677,102,57,'B028U025'),(27627,677,99,57,'B028U026'),(27628,677,100,57,'B028U027'),(27629,677,102,56,'B028U028'),(27630,677,99,56,'B028U029'),(27631,677,100,57,'B028U030'),(27632,677,100,56,'B028U031'),(27633,677,100,57,'B028U032'),(27634,677,99,56,'B028U033'),(27635,677,99,57,'B028U034'),(27636,677,101,56,'B028U035'),(27637,677,102,57,'B028U036'),(27638,677,100,56,'B028U037'),(27639,677,100,57,'B028U038'),(27640,677,102,56,'B028U039'),(27641,677,100,57,'B028U040'),(27642,677,100,57,'B028U041'),(27643,677,100,56,'B028U042'),(27644,678,101,57,'B029U001'),(27645,678,101,56,'B029U002'),(27646,678,99,57,'B029U003'),(27647,678,102,56,'B029U004'),(27648,678,101,57,'B029U005'),(27649,678,102,57,'B029U006'),(27650,678,101,57,'B029U007'),(27651,678,99,57,'B029U008'),(27652,678,101,56,'B029U009'),(27653,678,102,57,'B029U010'),(27654,678,99,57,'B029U011'),(27655,678,100,56,'B029U012'),(27656,678,99,56,'B029U013'),(27657,678,99,56,'B029U014'),(27658,678,101,56,'B029U015'),(27659,678,100,57,'B029U016'),(27660,678,99,56,'B029U017'),(27661,678,99,57,'B029U018'),(27662,678,101,57,'B029U019'),(27663,678,102,56,'B029U020'),(27664,678,99,57,'B029U021'),(27665,678,101,56,'B029U022'),(27666,678,100,56,'B029U023'),(27667,678,102,56,'B029U024'),(27668,678,101,56,'B029U025'),(27669,678,101,56,'B029U026'),(27670,678,100,56,'B029U027'),(27671,678,100,56,'B029U028'),(27672,678,99,56,'B029U029'),(27673,678,100,57,'B029U030'),(27674,678,100,56,'B029U031'),(27675,678,100,57,'B029U032'),(27676,678,99,57,'B029U033'),(27677,678,101,57,'B029U034'),(27678,678,99,57,'B029U035'),(27679,678,101,56,'B029U036'),(27680,678,100,56,'B029U037'),(27681,678,99,57,'B029U038'),(27682,678,101,56,'B029U039'),(27683,678,99,56,'B029U040'),(27684,678,100,56,'B029U041'),(27685,678,102,57,'B029U042'),(27686,679,102,56,'B030U001'),(27687,679,101,56,'B030U002'),(27688,679,99,57,'B030U003'),(27689,679,101,56,'B030U004'),(27690,679,99,56,'B030U005'),(27691,679,101,56,'B030U006'),(27692,679,102,56,'B030U007'),(27693,679,101,56,'B030U008'),(27694,679,100,56,'B030U009'),(27695,679,101,57,'B030U010'),(27696,679,101,57,'B030U011'),(27697,679,101,56,'B030U012'),(27698,679,100,56,'B030U013'),(27699,679,100,56,'B030U014'),(27700,679,99,57,'B030U015'),(27701,679,100,56,'B030U016'),(27702,679,102,57,'B030U017'),(27703,679,102,57,'B030U018'),(27704,679,99,56,'B030U019'),(27705,679,100,57,'B030U020'),(27706,679,100,57,'B030U021'),(27707,679,99,56,'B030U022'),(27708,679,100,56,'B030U023'),(27709,679,100,56,'B030U024'),(27710,679,100,56,'B030U025'),(27711,679,99,57,'B030U026'),(27712,679,102,57,'B030U027'),(27713,679,101,57,'B030U028'),(27714,679,101,57,'B030U029'),(27715,679,100,56,'B030U030'),(27716,679,100,57,'B030U031'),(27717,679,100,57,'B030U032'),(27718,679,99,56,'B030U033'),(27719,679,100,57,'B030U034'),(27720,679,102,57,'B030U035'),(27721,679,100,56,'B030U036'),(27722,679,99,56,'B030U037'),(27723,679,101,56,'B030U038'),(27724,679,100,56,'B030U039'),(27725,679,101,57,'B030U040'),(27726,679,99,57,'B030U041'),(27727,679,99,56,'B030U042');
/*!40000 ALTER TABLE `unit` ENABLE KEYS */;
UNLOCK TABLES;

--
-- Table structure for table `usage`
--

DROP TABLE IF EXISTS `usage`;
/*!40101 SET @saved_cs_client     = @@character_set_client */;
/*!50503 SET character_set_client = utf8mb4 */;
CREATE TABLE `usage` (
  `id` int NOT NULL AUTO_INCREMENT,
  `type` varchar(255) CHARACTER SET utf8mb4 COLLATE utf8mb4_unicode_ci NOT NULL,
  `color` varchar(255) CHARACTER SET utf8mb4 COLLATE utf8mb4_unicode_ci NOT NULL,
  PRIMARY KEY (`id`)
) ENGINE=InnoDB AUTO_INCREMENT=104 DEFAULT CHARSET=utf8mb4 COLLATE=utf8mb4_unicode_ci;
/*!40101 SET character_set_client = @saved_cs_client */;

--
-- Dumping data for table `usage`
--

LOCK TABLES `usage` WRITE;
/*!40000 ALTER TABLE `usage` DISABLE KEYS */;
INSERT INTO `usage` VALUES (99,'Site Web','#007bff'),(100,'Application Mobile','#28a745'),(101,'Application Bureau','#ffc107'),(102,'Inactive','#6c757d'),(103,'Indisponible','#000000');
/*!40000 ALTER TABLE `usage` ENABLE KEYS */;
UNLOCK TABLES;

--
-- Table structure for table `user`
--

DROP TABLE IF EXISTS `user`;
/*!40101 SET @saved_cs_client     = @@character_set_client */;
/*!50503 SET character_set_client = utf8mb4 */;
CREATE TABLE `user` (
  `id` int NOT NULL AUTO_INCREMENT,
  `email` varchar(255) CHARACTER SET utf8mb4 COLLATE utf8mb4_unicode_ci NOT NULL,
  `password` varchar(255) CHARACTER SET utf8mb4 COLLATE utf8mb4_unicode_ci DEFAULT NULL,
  `role` int NOT NULL,
  `discr` varchar(255) CHARACTER SET utf8mb4 COLLATE utf8mb4_unicode_ci NOT NULL,
  `firstname` varchar(255) CHARACTER SET utf8mb4 COLLATE utf8mb4_unicode_ci DEFAULT NULL,
  `lastname` varchar(255) CHARACTER SET utf8mb4 COLLATE utf8mb4_unicode_ci DEFAULT NULL,
  PRIMARY KEY (`id`)
) ENGINE=InnoDB AUTO_INCREMENT=130 DEFAULT CHARSET=utf8mb4 COLLATE=utf8mb4_unicode_ci;
/*!40101 SET character_set_client = @saved_cs_client */;

--
-- Dumping data for table `user`
--

LOCK TABLES `user` WRITE;
/*!40000 ALTER TABLE `user` DISABLE KEYS */;
INSERT INTO `user` VALUES (124,'noemye@noemye.com','$2y$13$qwX3N3XB.9Z/VPuA/wqGkOzkM90yGmyOTb.XWcBSdJQUaixP1osZK',1,'customer','Noemye','Kiso'),(125,'antonin@antonin.com','$2y$13$qwX3N3XB.9Z/VPuA/wqGkOzkM90yGmyOTb.XWcBSdJQUaixP1osZK',1,'customer','Antonin','Oracle'),(126,'remig@remig.com','$2y$13$qwX3N3XB.9Z/VPuA/wqGkOzkM90yGmyOTb.XWcBSdJQUaixP1osZK',4,'customer','Remi','Guerin'),(127,'admin@admin.com','$2y$13$qwX3N3XB.9Z/VPuA/wqGkOzkM90yGmyOTb.XWcBSdJQUaixP1osZK',4,'customer','Admin','Admin'),(128,'tech@tech.com','$2y$13$qwX3N3XB.9Z/VPuA/wqGkOzkM90yGmyOTb.XWcBSdJQUaixP1osZK',3,'customer','Tech','Tech'),(129,'compta@compta.com','$2y$13$qwX3N3XB.9Z/VPuA/wqGkOzkM90yGmyOTb.XWcBSdJQUaixP1osZK',2,'customer','Compta','Compta');
/*!40000 ALTER TABLE `user` ENABLE KEYS */;
UNLOCK TABLES;
/*!40103 SET TIME_ZONE=@OLD_TIME_ZONE */;

/*!40101 SET SQL_MODE=@OLD_SQL_MODE */;
/*!40014 SET FOREIGN_KEY_CHECKS=@OLD_FOREIGN_KEY_CHECKS */;
/*!40014 SET UNIQUE_CHECKS=@OLD_UNIQUE_CHECKS */;
/*!40101 SET CHARACTER_SET_CLIENT=@OLD_CHARACTER_SET_CLIENT */;
/*!40101 SET CHARACTER_SET_RESULTS=@OLD_CHARACTER_SET_RESULTS */;
/*!40101 SET COLLATION_CONNECTION=@OLD_COLLATION_CONNECTION */;
/*!40111 SET SQL_NOTES=@OLD_SQL_NOTES */;

-- Dump completed on 2025-04-07 21:04:41
